Workbook

Sheet Cover
B2: [ORGANIZATION NAME]
B3: 04 — Requirements & RTM
B4: [Project Name]
B6: DOCUMENT CONTROL | E6: PMBOK® 8 ALIGNMENT
B7: Project name | C7: [Project Name] | E7: Performance domain(s) | F7: Scope
B8: Project ID | C8: PRJ-2026-001 | E8: Focus area(s) | F8: Planning, Monitoring & Controlling
B9: Document ID | C9: PRJ-2026-001-RTM | E9: Toolkit | F9: PMI Predictive Project Management Toolkit
B10: Document title | C10: Requirements & RTM | E10: Standard | F10: Aligned to the PMBOK® Guide – Eighth Edition
B11: Version | C11: 0.1
B12: Status | C12: Draft
B13: Date | C13: 2026-10-27
B14: Project Sponsor | C14: [Project Sponsor]
B15: Project Manager / Owner | C15: [Project Manager]
B16: Approver | C16: Business Owner
B17: Classification | C17: Internal
B18: Currency | C18: CAD
B19: File location | C19: [SharePoint / repository path]
B22: REVISION HISTORY
B23: Version | C23: Date | D23: Author | E23: Description of change | F23: CR ref. | G23: Approved by
B24: 0.1 | C24: 2026-10-27 | D24: [Project Manager] | E24: Initial draft created from toolkit template | F24: N/A
B30: VERSIONING SCHEME
B31: 0.1 - 0.9 | C31: Draft | D31: Work in progress. Increment the minor digit for each review cycle (0.1, 0.2 ...).
B32: 1.0 | C32: Approved / Baselined | D32: First version formally approved by the designated approver. Becomes the baseline.
B33: 1.1, 1.2 ... | C33: Minor revision | D33: Editorial or clarifying change with NO impact on scope, schedule or cost baselines. PM approval.
B34: 2.0, 3.0 ... | C34: Major revision | D34: Change that alters a baseline. Requires an approved Change Request (doc 20) logged in the Change Log (doc 21).
B36: HOW TO USE THIS WORKBOOK
B37: 1. Record every requirement with a unique ID (REQ-###) and a single, testable statement.
B38: 2. Trace each requirement forward to WBS (doc 05), deliverable and test case; 'Trace complete' turns Yes when all three are filled.
B39: 3. After baselining, new or changed requirements require a Change Request (doc 20).
B40: 4. Navy column headers = input columns (shaded rows are for data entry). Teal headers marked ƒ = calculated columns — do not overwrite.
B41: 5. Drop-down lists enforce the toolkit's controlled vocabulary. Rows shown in grey italics are examples — overwrite or delete them.
B42: 6. Update the Version/Status/Date above and add a Revision History row each time the workbook is re-issued.

Sheet Summary
A1: 04 — Requirements & RTM | Summary
A2: [Project Name] • PRJ-2026-001-RTM • v0.1 Draft • Internal
B4: Requirements by status | E4: Requirements by priority
B5: Item | C5: Count | E5: Item | F5: Count
B6: Proposed | C6: =COUNTIF(RTM!$N$5:$N$104,"Proposed") -> 0 | E6: Must | F6: =COUNTIF(RTM!$F$5:$F$104,"Must") -> 1
B7: Approved | C7: =COUNTIF(RTM!$N$5:$N$104,"Approved") -> 1 | E7: Should | F7: =COUNTIF(RTM!$F$5:$F$104,"Should") -> 0
B8: In build | C8: =COUNTIF(RTM!$N$5:$N$104,"In build") -> 0 | E8: Could | F8: =COUNTIF(RTM!$F$5:$F$104,"Could") -> 0
B9: Verified | C9: =COUNTIF(RTM!$N$5:$N$104,"Verified") -> 0 | E9: Won't | F9: =COUNTIF(RTM!$F$5:$F$104,"Won't") -> 0
B10: Accepted | C10: =COUNTIF(RTM!$N$5:$N$104,"Accepted") -> 0
B11: Deferred | C11: =COUNTIF(RTM!$N$5:$N$104,"Deferred") -> 0
B12: Rejected | C12: =COUNTIF(RTM!$N$5:$N$104,"Rejected") -> 0
B13: Total requirements | C13: =COUNTA(RTM!$A$5:$A$104) -> 1
B15: Traceability & test coverage
B16: Metric | C16: Value
B17: Fully traced (WBS, deliverable, test) | C17: =COUNTIF(RTM!$Q$5:$Q$104,"Yes") -> 1
B18: Traceability % | C18: =IFERROR(COUNTIF(RTM!$Q$5:$Q$104,"Yes")/COUNTA(RTM!$A$5:$A$104),0) -> 1
B19: Tests passed | C19: =COUNTIF(RTM!$L$5:$L$104,"Pass") -> 0
B20: Tests failed | C20: =COUNTIF(RTM!$L$5:$L$104,"Fail") -> 0
B21: Test pass rate (of executed) | C21: =IFERROR(COUNTIF(RTM!$L$5:$L$104,"Pass")/(COUNTIF(RTM!$L$5:$L$104,"Pass")+COUNTIF(RTM!$L$5:$L$104,"Fail")),0) -> 0

Sheet RTM
A1: 04 — Requirements & RTM | RTM
A2: [Project Name] • PRJ-2026-001-RTM • v0.1 Draft • Internal
A4: Req ID | B4: Requirement statement | C4: Type | D4: Source / stakeholder | E4: Business objective (Charter ref.) | F4: Priority (MoSCoW) | G4: Acceptance criteria | H4: WBS ID | I4: Deliverable | J4: Design / spec ref. | K4: Test case ID | L4: Test status | M4: Owner | N4: Requirement status | O4: Date raised | P4: Comments | Q4: ƒ Trace complete
A5: REQ-001 | B5: The system shall allow authorized users to export the monthly report to PDF. | C5: Functional | D5: Finance Manager | E5: O1 | F5: Must | G5: Export completes < 10 s; PDF matches on-screen layout | H5: 3.2.1 | I5: Reporting module | J5: SPEC-04 | K5: TC-012 | L5: Not run | M5: [BA] | N5: Approved | O5: 46315 | Q5: =IF(A5="","",IF(AND(H5<>"",I5<>"",K5<>""),"Yes","No")) -> Yes
Q6: =IF(A6="","",IF(AND(H6<>"",I6<>"",K6<>""),"Yes","No"))
Q7: =IF(A7="","",IF(AND(H7<>"",I7<>"",K7<>""),"Yes","No"))
Q8: =IF(A8="","",IF(AND(H8<>"",I8<>"",K8<>""),"Yes","No"))
Q9: =IF(A9="","",IF(AND(H9<>"",I9<>"",K9<>""),"Yes","No"))
Q10: =IF(A10="","",IF(AND(H10<>"",I10<>"",K10<>""),"Yes","No"))
Q11: =IF(A11="","",IF(AND(H11<>"",I11<>"",K11<>""),"Yes","No"))
Q12: =IF(A12="","",IF(AND(H12<>"",I12<>"",K12<>""),"Yes","No"))
Q13: =IF(A13="","",IF(AND(H13<>"",I13<>"",K13<>""),"Yes","No"))
Q14: =IF(A14="","",IF(AND(H14<>"",I14<>"",K14<>""),"Yes","No"))
Q15: =IF(A15="","",IF(AND(H15<>"",I15<>"",K15<>""),"Yes","No"))
Q16: =IF(A16="","",IF(AND(H16<>"",I16<>"",K16<>""),"Yes","No"))
Q17: =IF(A17="","",IF(AND(H17<>"",I17<>"",K17<>""),"Yes","No"))
... Q104: =IF(A104="","",IF(AND(H104<>"",I104<>"",K104<>""),"Yes","No"))

Sheet Lists
A1: ReqType | B1: MoSCoW | C1: TestStatus | D1: ReqStatus
A2: Business | B2: Must | C2: Not run | D2: Proposed
A3: Stakeholder | B3: Should | C3: Pass | D3: Approved
A4: Functional | B4: Could | C4: Fail | D4: In build
A5: Non-functional | B5: Won't | C5: Blocked | D5: Verified
A6: Transition | C6: N/A | D6: Accepted
A7: Project | D7: Deferred
A8: Regulatory | D8: Rejected
