Workbook

Sheet Cover
B2: [ORGANIZATION NAME]
B3: 05 — WBS & WBS Dictionary
B4: [Project Name]
B6: DOCUMENT CONTROL | E6: PMBOK® 8 ALIGNMENT
B7: Project name | C7: [Project Name] | E7: Performance domain(s) | F7: Scope
B8: Project ID | C8: PRJ-2026-001 | E8: Focus area(s) | F8: Planning
B9: Document ID | C9: PRJ-2026-001-WBS | E9: Toolkit | F9: PMI Predictive Project Management Toolkit
B10: Document title | C10: WBS & WBS Dictionary | E10: Standard | F10: Aligned to the PMBOK® Guide – Eighth Edition
B11: Version | C11: 0.1
B12: Status | C12: Draft
B13: Date | C13: 2026-10-27
B14: Project Sponsor | C14: [Project Sponsor]
B15: Project Manager / Owner | C15: [Project Manager]
B16: Approver | C16: Project Manager
B17: Classification | C17: Internal
B18: Currency | C18: CAD
B19: File location | C19: [SharePoint / repository path]
B22: REVISION HISTORY
B23: Version | C23: Date | D23: Author | E23: Description of change | F23: CR ref. | G23: Approved by
B24: 0.1 | C24: 2026-10-27 | D24: [Project Manager] | E24: Initial draft created from toolkit template | F24: N/A
B30: VERSIONING SCHEME
B31: 0.1 - 0.9 | C31: Draft | D31: Work in progress. Increment the minor digit for each review cycle (0.1, 0.2 ...).
B32: 1.0 | C32: Approved / Baselined | D32: First version formally approved by the designated approver. Becomes the baseline.
B33: 1.1, 1.2 ... | C33: Minor revision | D33: Editorial or clarifying change with NO impact on scope, schedule or cost baselines. PM approval.
B34: 2.0, 3.0 ... | C34: Major revision | D34: Change that alters a baseline. Requires an approved Change Request (doc 20) logged in the Change Log (doc 21).
B36: HOW TO USE THIS WORKBOOK
B37: 1. The WBS sheet holds the deliverable-oriented hierarchy. Levels and indentation are calculated from the WBS ID (1, 1.1, 1.1.1).
B38: 2. A generic predictive skeleton is pre-filled — rename, add or remove elements, keeping the 100% rule.
B39: 3. Complete the WBS Dictionary for every Work Package; it feeds the schedule (doc 07) and budget (doc 09).
B40: 4. Navy column headers = input columns (shaded rows are for data entry). Teal headers marked ƒ = calculated columns — do not overwrite.
B41: 5. Drop-down lists enforce the toolkit's controlled vocabulary. Rows shown in grey italics are examples — overwrite or delete them.
B42: 6. Update the Version/Status/Date above and add a Revision History row each time the workbook is re-issued.

Sheet WBS
A1: 05 — WBS & WBS Dictionary | WBS
A2: [Project Name] • PRJ-2026-001-WBS • v0.1 Draft • Internal
A4: WBS ID | B4: ƒ Level | C4: Element name | D4: ƒ WBS (indented view) | E4: Element type | F4: Description / scope | G4: Owner | H4: Control account | I4: ƒ In dictionary?
A5: 1 | B5: =IF(A5="","",LEN(A5)-LEN(SUBSTITUTE(A5,".",""))+1) -> 1 | C5: Project Name (Level 1) | D5: =IF(A5="","",REPT(" ",B5-1)&A5&" "&C5) -> 1 Project Name (Level 1) | E5: Project | F5: Total project scope | I5: =IF(OR(A5="",E5<>"Work Package"),"",IF(COUNTIF('WBS Dictionary'!$A:$A,A5)>0,"Yes","No"))
A6: 1.1 | B6: =IF(A6="","",LEN(A6)-LEN(SUBSTITUTE(A6,".",""))+1) -> 2 | C6: Project Management | D6: =IF(A6="","",REPT(" ",B6-1)&A6&" "&C6) -> 1.1 Project Management | E6: Phase | F6: All project management effort across the life cycle | I6: =IF(OR(A6="",E6<>"Work Package"),"",IF(COUNTIF('WBS Dictionary'!$A:$A,A6)>0,"Yes","No"))
A7: 1.1.1 | B7: =IF(A7="","",LEN(A7)-LEN(SUBSTITUTE(A7,".",""))+1) -> 3 | C7: Initiation & Charter | D7: =IF(A7="","",REPT(" ",B7-1)&A7&" "&C7) -> 1.1.1 Initiation & Charter | E7: Work Package | F7: Business case review, charter, stakeholder identification | I7: =IF(OR(A7="",E7<>"Work Package"),"",IF(COUNTIF('WBS Dictionary'!$A:$A,A7)>0,"Yes","No")) -> No
A8: 1.1.2 | B8: =IF(A8="","",LEN(A8)-LEN(SUBSTITUTE(A8,".",""))+1) -> 3 | C8: Planning & Baselining | D8: =IF(A8="","",REPT(" ",B8-1)&A8&" "&C8) -> 1.1.2 Planning & Baselining | E8: Work Package | F8: Integrated PMP and subsidiary plans, baselines | I8: =IF(OR(A8="",E8<>"Work Package"),"",IF(COUNTIF('WBS Dictionary'!$A:$A,A8)>0,"Yes","No")) -> No
A9: 1.1.3 | B9: =IF(A9="","",LEN(A9)-LEN(SUBSTITUTE(A9,".",""))+1) -> 3 | C9: Monitoring, Control & Reporting | D9: =IF(A9="","",REPT(" ",B9-1)&A9&" "&C9) -> 1.1.3 Monitoring, Control & Reporting | E9: Work Package | F9: Status reporting, change control, risk reviews | I9: =IF(OR(A9="",E9<>"Work Package"),"",IF(COUNTIF('WBS Dictionary'!$A:$A,A9)>0,"Yes","No")) -> No
A10: 1.1.4 | B10: =IF(A10="","",LEN(A10)-LEN(SUBSTITUTE(A10,".",""))+1) -> 3 | C10: Project Closure | D10: =IF(A10="","",REPT(" ",B10-1)&A10&" "&C10) -> 1.1.4 Project Closure | E10: Work Package | F10: Closure report, lessons learned, archive | I10: =IF(OR(A10="",E10<>"Work Package"),"",IF(COUNTIF('WBS Dictionary'!$A:$A,A10)>0,"Yes","No")) -> No
A11: 1.2 | B11: =IF(A11="","",LEN(A11)-LEN(SUBSTITUTE(A11,".",""))+1) -> 2 | C11: Requirements & Analysis | D11: =IF(A11="","",REPT(" ",B11-1)&A11&" "&C11) -> 1.2 Requirements & Analysis | E11: Phase | F11: Elicitation, analysis and approval of requirements | I11: =IF(OR(A11="",E11<>"Work Package"),"",IF(COUNTIF('WBS Dictionary'!$A:$A,A11)>0,"Yes","No"))
A12: 1.2.1 | B12: =IF(A12="","",LEN(A12)-LEN(SUBSTITUTE(A12,".",""))+1) -> 3 | C12: Current-State Assessment | D12: =IF(A12="","",REPT(" ",B12-1)&A12&" "&C12) -> 1.2.1 Current-State Assessment | E12: Work Package | I12: =IF(OR(A12="",E12<>"Work Package"),"",IF(COUNTIF('WBS Dictionary'!$A:$A,A12)>0,"Yes","No")) -> Yes
A13: 1.2.2 | B13: =IF(A13="","",LEN(A13)-LEN(SUBSTITUTE(A13,".",""))+1) -> 3 | C13: Requirements Specification | D13: =IF(A13="","",REPT(" ",B13-1)&A13&" "&C13) -> 1.2.2 Requirements Specification | E13: Work Package | I13: =IF(OR(A13="",E13<>"Work Package"),"",IF(COUNTIF('WBS Dictionary'!$A:$A,A13)>0,"Yes","No")) -> No
A14: 1.3 | B14: =IF(A14="","",LEN(A14)-LEN(SUBSTITUTE(A14,".",""))+1) -> 2 | C14: Design | D14: =IF(A14="","",REPT(" ",B14-1)&A14&" "&C14) -> 1.3 Design | E14: Phase | F14: Solution / product design | I14: =IF(OR(A14="",E14<>"Work Package"),"",IF(COUNTIF('WBS Dictionary'!$A:$A,A14)>0,"Yes","No"))
A15: 1.3.1 | B15: =IF(A15="","",LEN(A15)-LEN(SUBSTITUTE(A15,".",""))+1) -> 3 | C15: High-Level Design | D15: =IF(A15="","",REPT(" ",B15-1)&A15&" "&C15) -> 1.3.1 High-Level Design | E15: Work Package | I15: =IF(OR(A15="",E15<>"Work Package"),"",IF(COUNTIF('WBS Dictionary'!$A:$A,A15)>0,"Yes","No")) -> No
A16: 1.3.2 | B16: =IF(A16="","",LEN(A16)-LEN(SUBSTITUTE(A16,".",""))+1) -> 3 | C16: Detailed Design | D16: =IF(A16="","",REPT(" ",B16-1)&A16&" "&C16) -> 1.3.2 Detailed Design | E16: Work Package | I16: =IF(OR(A16="",E16<>"Work Package"),"",IF(COUNTIF('WBS Dictionary'!$A:$A,A16)>0,"Yes","No")) -> No
A17: 1.4 | B17: =IF(A17="","",LEN(A17)-LEN(SUBSTITUTE(A17,".",""))+1) -> 2 | C17: Build / Procure | D17: =IF(A17="","",REPT(" ",B17-1)&A17&" "&C17) -> 1.4 Build / Procure | E17: Phase | F17: Construction, configuration or procurement of deliverables | I17: =IF(OR(A17="",E17<>"Work Package"),"",IF(COUNTIF('WBS Dictionary'!$A:$A,A17)>0,"Yes","No"))
A18: 1.4.1 | B18: =IF(A18="","",LEN(A18)-LEN(SUBSTITUTE(A18,".",""))+1) -> 3 | C18: [Deliverable A] | D18: =IF(A18="","",REPT(" ",B18-1)&A18&" "&C18) -> 1.4.1 [Deliverable A] | E18: Work Package | I18: =IF(OR(A18="",E18<>"Work Package"),"",IF(COUNTIF('WBS Dictionary'!$A:$A,A18)>0,"Yes","No")) -> No
A19: 1.4.2 | B19: =IF(A19="","",LEN(A19)-LEN(SUBSTITUTE(A19,".",""))+1) -> 3 | C19: [Deliverable B] | D19: =IF(A19="","",REPT(" ",B19-1)&A19&" "&C19) -> 1.4.2 [Deliverable B] | E19: Work Package | I19: =IF(OR(A19="",E19<>"Work Package"),"",IF(COUNTIF('WBS Dictionary'!$A:$A,A19)>0,"Yes","No")) -> No
A20: 1.5 | B20: =IF(A20="","",LEN(A20)-LEN(SUBSTITUTE(A20,".",""))+1) -> 2 | C20: Test & Quality Control | D20: =IF(A20="","",REPT(" ",B20-1)&A20&" "&C20) -> 1.5 Test & Quality Control | E20: Phase | F20: Verification of deliverables against requirements | I20: =IF(OR(A20="",E20<>"Work Package"),"",IF(COUNTIF('WBS Dictionary'!$A:$A,A20)>0,"Yes","No"))
A21: 1.5.1 | B21: =IF(A21="","",LEN(A21)-LEN(SUBSTITUTE(A21,".",""))+1) -> 3 | C21: System / Integration Testing | D21: =IF(A21="","",REPT(" ",B21-1)&A21&" "&C21) -> 1.5.1 System / Integration Testing | E21: Work Package | I21: =IF(OR(A21="",E21<>"Work Package"),"",IF(COUNTIF('WBS Dictionary'!$A:$A,A21)>0,"Yes","No")) -> No
A22: 1.5.2 | B22: =IF(A22="","",LEN(A22)-LEN(SUBSTITUTE(A22,".",""))+1) -> 3 | C22: User Acceptance Testing | D22: =IF(A22="","",REPT(" ",B22-1)&A22&" "&C22) -> 1.5.2 User Acceptance Testing | E22: Work Package | I22: =IF(OR(A22="",E22<>"Work Package"),"",IF(COUNTIF('WBS Dictionary'!$A:$A,A22)>0,"Yes","No")) -> No
A23: 1.6 | B23: =IF(A23="","",LEN(A23)-LEN(SUBSTITUTE(A23,".",""))+1) -> 2 | C23: Deployment & Transition | D23: =IF(A23="","",REPT(" ",B23-1)&A23&" "&C23) -> 1.6 Deployment & Transition | E23: Phase | F23: Implementation, training and handover to operations | I23: =IF(OR(A23="",E23<>"Work Package"),"",IF(COUNTIF('WBS Dictionary'!$A:$A,A23)>0,"Yes","No"))
A24: 1.6.1 | B24: =IF(A24="","",LEN(A24)-LEN(SUBSTITUTE(A24,".",""))+1) -> 3 | C24: Training & Change Management | D24: =IF(A24="","",REPT(" ",B24-1)&A24&" "&C24) -> 1.6.1 Training & Change Management | E24: Work Package | I24: =IF(OR(A24="",E24<>"Work Package"),"",IF(COUNTIF('WBS Dictionary'!$A:$A,A24)>0,"Yes","No")) -> No
A25: 1.6.2 | B25: =IF(A25="","",LEN(A25)-LEN(SUBSTITUTE(A25,".",""))+1) -> 3 | C25: Go-Live & Hypercare | D25: =IF(A25="","",REPT(" ",B25-1)&A25&" "&C25) -> 1.6.2 Go-Live & Hypercare | E25: Work Package | I25: =IF(OR(A25="",E25<>"Work Package"),"",IF(COUNTIF('WBS Dictionary'!$A:$A,A25)>0,"Yes","No")) -> No
A26: 1.6.3 | B26: =IF(A26="","",LEN(A26)-LEN(SUBSTITUTE(A26,".",""))+1) -> 3 | C26: Operational Handover | D26: =IF(A26="","",REPT(" ",B26-1)&A26&" "&C26) -> 1.6.3 Operational Handover | E26: Work Package | I26: =IF(OR(A26="",E26<>"Work Package"),"",IF(COUNTIF('WBS Dictionary'!$A:$A,A26)>0,"Yes","No")) -> No
B27: =IF(A27="","",LEN(A27)-LEN(SUBSTITUTE(A27,".",""))+1) | D27: =IF(A27="","",REPT(" ",B27-1)&A27&" "&C27) | I27: =IF(OR(A27="",E27<>"Work Package"),"",IF(COUNTIF('WBS Dictionary'!$A:$A,A27)>0,"Yes","No"))
B28: =IF(A28="","",LEN(A28)-LEN(SUBSTITUTE(A28,".",""))+1) | D28: =IF(A28="","",REPT(" ",B28-1)&A28&" "&C28) | I28: =IF(OR(A28="",E28<>"Work Package"),"",IF(COUNTIF('WBS Dictionary'!$A:$A,A28)>0,"Yes","No"))
B29: =IF(A29="","",LEN(A29)-LEN(SUBSTITUTE(A29,".",""))+1) | D29: =IF(A29="","",REPT(" ",B29-1)&A29&" "&C29) | I29: =IF(OR(A29="",E29<>"Work Package"),"",IF(COUNTIF('WBS Dictionary'!$A:$A,A29)>0,"Yes","No"))
B30: =IF(A30="","",LEN(A30)-LEN(SUBSTITUTE(A30,".",""))+1) | D30: =IF(A30="","",REPT(" ",B30-1)&A30&" "&C30) | I30: =IF(OR(A30="",E30<>"Work Package"),"",IF(COUNTIF('WBS Dictionary'!$A:$A,A30)>0,"Yes","No"))
B31: =IF(A31="","",LEN(A31)-LEN(SUBSTITUTE(A31,".",""))+1) | D31: =IF(A31="","",REPT(" ",B31-1)&A31&" "&C31) | I31: =IF(OR(A31="",E31<>"Work Package"),"",IF(COUNTIF('WBS Dictionary'!$A:$A,A31)>0,"Yes","No"))
B32: =IF(A32="","",LEN(A32)-LEN(SUBSTITUTE(A32,".",""))+1) | D32: =IF(A32="","",REPT(" ",B32-1)&A32&" "&C32) | I32: =IF(OR(A32="",E32<>"Work Package"),"",IF(COUNTIF('WBS Dictionary'!$A:$A,A32)>0,"Yes","No"))
B33: =IF(A33="","",LEN(A33)-LEN(SUBSTITUTE(A33,".",""))+1) | D33: =IF(A33="","",REPT(" ",B33-1)&A33&" "&C33) | I33: =IF(OR(A33="",E33<>"Work Package"),"",IF(COUNTIF('WBS Dictionary'!$A:$A,A33)>0,"Yes","No"))
B34: =IF(A34="","",LEN(A34)-LEN(SUBSTITUTE(A34,".",""))+1) | D34: =IF(A34="","",REPT(" ",B34-1)&A34&" "&C34) | I34: =IF(OR(A34="",E34<>"Work Package"),"",IF(COUNTIF('WBS Dictionary'!$A:$A,A34)>0,"Yes","No"))
B35: =IF(A35="","",LEN(A35)-LEN(SUBSTITUTE(A35,".",""))+1) | D35: =IF(A35="","",REPT(" ",B35-1)&A35&" "&C35) | I35: =IF(OR(A35="",E35<>"Work Package"),"",IF(COUNTIF('WBS Dictionary'!$A:$A,A35)>0,"Yes","No"))
B36: =IF(A36="","",LEN(A36)-LEN(SUBSTITUTE(A36,".",""))+1) | D36: =IF(A36="","",REPT(" ",B36-1)&A36&" "&C36) | I36: =IF(OR(A36="",E36<>"Work Package"),"",IF(COUNTIF('WBS Dictionary'!$A:$A,A36)>0,"Yes","No"))
B37: =IF(A37="","",LEN(A37)-LEN(SUBSTITUTE(A37,".",""))+1) | D37: =IF(A37="","",REPT(" ",B37-1)&A37&" "&C37) | I37: =IF(OR(A37="",E37<>"Work Package"),"",IF(COUNTIF('WBS Dictionary'!$A:$A,A37)>0,"Yes","No"))
B38: =IF(A38="","",LEN(A38)-LEN(SUBSTITUTE(A38,".",""))+1) | D38: =IF(A38="","",REPT(" ",B38-1)&A38&" "&C38) | I38: =IF(OR(A38="",E38<>"Work Package"),"",IF(COUNTIF('WBS Dictionary'!$A:$A,A38)>0,"Yes","No"))
... B84: =IF(A84="","",LEN(A84)-LEN(SUBSTITUTE(A84,".",""))+1) | D84: =IF(A84="","",REPT(" ",B84-1)&A84&" "&C84) | I84: =IF(OR(A84="",E84<>"Work Package"),"",IF(COUNTIF('WBS Dictionary'!$A:$A,A84)>0,"Yes","No"))

Sheet WBS Dictionary
A1: 05 — WBS & WBS Dictionary | WBS Dictionary
A2: [Project Name] • PRJ-2026-001-WBS • v0.1 Draft • Internal
A4: WBS ID | B4: Work package name | C4: Description of work | D4: Deliverable(s) | E4: Acceptance criteria | F4: Assumptions & constraints | G4: Responsible (owner) | H4: Milestones | I4: Planned start | J4: Planned finish | K4: Resources | L4: Effort (h) | M4: Cost estimate (CAD) | N4: Quality requirements | O4: Technical references | P4: Account code | Q4: ƒ Duration (wd)
A5: 1.2.1 | B5: Current-State Assessment | C5: Interview users and document as-is processes and pain points. | D5: As-is process maps; assessment report | E5: Report reviewed and accepted by Business Owner | F5: SMEs available 4 h/week | G5: [BA] | H5: As-is report approved | I5: 46342 | J5: 46360 | K5: BA, 3 SMEs | L5: 120 | M5: 14400 | N5: Peer reviewed; template compliant | O5: Process standard v2 | P5: CA-1200 | Q5: =IF(OR(I5="",J5=""),"",NETWORKDAYS(I5,J5)) -> 15
Q6: =IF(OR(I6="",J6=""),"",NETWORKDAYS(I6,J6))
Q7: =IF(OR(I7="",J7=""),"",NETWORKDAYS(I7,J7))
Q8: =IF(OR(I8="",J8=""),"",NETWORKDAYS(I8,J8))
Q9: =IF(OR(I9="",J9=""),"",NETWORKDAYS(I9,J9))
Q10: =IF(OR(I10="",J10=""),"",NETWORKDAYS(I10,J10))
Q11: =IF(OR(I11="",J11=""),"",NETWORKDAYS(I11,J11))
Q12: =IF(OR(I12="",J12=""),"",NETWORKDAYS(I12,J12))
Q13: =IF(OR(I13="",J13=""),"",NETWORKDAYS(I13,J13))
Q14: =IF(OR(I14="",J14=""),"",NETWORKDAYS(I14,J14))
Q15: =IF(OR(I15="",J15=""),"",NETWORKDAYS(I15,J15))
Q16: =IF(OR(I16="",J16=""),"",NETWORKDAYS(I16,J16))
Q17: =IF(OR(I17="",J17=""),"",NETWORKDAYS(I17,J17))
... Q64: =IF(OR(I64="",J64=""),"",NETWORKDAYS(I64,J64))

Sheet Lists
A1: WBSType
A2: Project
A3: Phase
A4: Deliverable
A5: Control Account
A6: Work Package
A7: Planning Package
