Workbook

Sheet Cover
B2: [ORGANIZATION NAME]
B3: 07 — Master Schedule
B4: [Project Name]
B6: DOCUMENT CONTROL | E6: PMBOK® 8 ALIGNMENT
B7: Project name | C7: [Project Name] | E7: Performance domain(s) | F7: Schedule
B8: Project ID | C8: PRJ-2026-001 | E8: Focus area(s) | F8: Planning, Monitoring & Controlling
B9: Document ID | C9: PRJ-2026-001-MSC | E9: Toolkit | F9: PMI Predictive Project Management Toolkit
B10: Document title | C10: Master Schedule | E10: Standard | F10: Aligned to the PMBOK® Guide – Eighth Edition
B11: Version | C11: 0.1
B12: Status | C12: Draft
B13: Date | C13: 2026-10-27
B14: Project Sponsor | C14: [Project Sponsor]
B15: Project Manager / Owner | C15: [Project Manager]
B16: Approver | C16: Project Manager
B17: Classification | C17: Internal
B18: Currency | C18: CAD
B19: File location | C19: [SharePoint / repository path]
B22: REVISION HISTORY
B23: Version | C23: Date | D23: Author | E23: Description of change | F23: CR ref. | G23: Approved by
B24: 0.1 | C24: 2026-10-27 | D24: [Project Manager] | E24: Initial draft created from toolkit template | F24: N/A
B30: VERSIONING SCHEME
B31: 0.1 - 0.9 | C31: Draft | D31: Work in progress. Increment the minor digit for each review cycle (0.1, 0.2 ...).
B32: 1.0 | C32: Approved / Baselined | D32: First version formally approved by the designated approver. Becomes the baseline.
B33: 1.1, 1.2 ... | C33: Minor revision | D33: Editorial or clarifying change with NO impact on scope, schedule or cost baselines. PM approval.
B34: 2.0, 3.0 ... | C34: Major revision | D34: Change that alters a baseline. Requires an approved Change Request (doc 20) logged in the Change Log (doc 21).
B36: HOW TO USE THIS WORKBOOK
B37: 1. Enter the project start date in cell C3 of the Schedule sheet; the weekly Gantt grid is built from it.
B38: 2. Enter Start and Duration (working days); Finish is calculated with WORKDAY. Baseline dates are frozen at Gate 2 and only changed via an approved Change Request.
B39: 3. Finish variance (working days) compares forecast Finish to Baseline Finish: positive = late. Milestones have duration 0.
B40: 4. Navy column headers = input columns (shaded rows are for data entry). Teal headers marked ƒ = calculated columns — do not overwrite.
B41: 5. Drop-down lists enforce the toolkit's controlled vocabulary. Rows shown in grey italics are examples — overwrite or delete them.
B42: 6. Update the Version/Status/Date above and add a Revision History row each time the workbook is re-issued.

Sheet Milestones
A1: 07 — Master Schedule | Milestone Tracker
A2: [Project Name] • PRJ-2026-001-MSC • v0.1 Draft • Internal
A4: Milestone | B4: Gate | C4: Baseline | D4: Forecast / actual | E4: Variance (wd) | F4: Status | G4: Owner | H4: Comment
A5: =Schedule!C7 -> Charter approved (Gate 1) | B5: G1 | C5: =Schedule!K7 -> 46328 | D5: =Schedule!I7 -> 46328 | E5: =Schedule!L7 -> 0 | F5: =Schedule!N7 -> Not started | G5: =Schedule!E7 -> Sponsor
A6: =Schedule!C9 -> PMP baselined (Gate 2) | B6: G2 | C6: =Schedule!K9 -> 46357 | D6: =Schedule!I9 -> 46357 | E6: =Schedule!L9 -> 0 | F6: =Schedule!N9 -> Not started | G6: =Schedule!E9 -> Steering Comm.
A7: =Schedule!C18 -> Final acceptance (Gate 4) | B7: G4 | C7: =Schedule!K18 -> 46496 | D7: =Schedule!I18 -> 46496 | E7: =Schedule!L18 -> 0 | F7: =Schedule!N18 -> Not started | G7: =Schedule!E18 -> Business Owner
A8: =Schedule!C20 -> Project closure (Gate 5) | B8: G5 | C8: =Schedule!K20 -> 46524 | D8: =Schedule!I20 -> 46524 | E8: =Schedule!L20 -> 0 | F8: =Schedule!N20 -> Not started | G8: =Schedule!E20 -> Sponsor

Sheet Schedule
A1: 07 — Master Schedule | Schedule
A2: [Project Name] • PRJ-2026-001-MSC • v0.1 Draft • Internal
A3: Project start: | C3: 46328 | D3: Status date: | E3: =TODAY() -> 46322 | Q3: Legend: | T3: Task | X3: Critical | AB3: Summary | AF3: Milestone | AJ3: This week
A4: ID | B4: WBS ID | C4: Task / milestone name | D4: Type | E4: Owner | F4: Pred. | G4: Duration (wd) | H4: Start | I4: ƒ Finish | J4: Baseline start | K4: Baseline finish | L4: ƒ Finish var. (wd) | M4: % complete | N4: Status | O4: Critical path | Q4: =$C$3-WEEKDAY($C$3,3)+0 -> 46328 | R4: =$C$3-WEEKDAY($C$3,3)+7 -> 46335 | S4: =$C$3-WEEKDAY($C$3,3)+14 -> 46342 | T4: =$C$3-WEEKDAY($C$3,3)+21 -> 46349 | U4: =$C$3-WEEKDAY($C$3,3)+28 -> 46356 | V4: =$C$3-WEEKDAY($C$3,3)+35 -> 46363 | W4: =$C$3-WEEKDAY($C$3,3)+42 -> 46370 | X4: =$C$3-WEEKDAY($C$3,3)+49 -> 46377 | Y4: =$C$3-WEEKDAY($C$3,3)+56 -> 46384 | Z4: =$C$3-WEEKDAY($C$3,3)+63 -> 46391 | AA4: =$C$3-WEEKDAY($C$3,3)+70 -> 46398 | AB4: =$C$3-WEEKDAY($C$3,3)+77 -> 46405 | AC4: =$C$3-WEEKDAY($C$3,3)+84 -> 46412 | AD4: =$C$3-WEEKDAY($C$3,3)+91 -> 46419 | AE4: =$C$3-WEEKDAY($C$3,3)+98 -> 46426 | AF4: =$C$3-WEEKDAY($C$3,3)+105 -> 46433 | AG4: =$C$3-WEEKDAY($C$3,3)+112 -> 46440 | AH4: =$C$3-WEEKDAY($C$3,3)+119 -> 46447 | AI4: =$C$3-WEEKDAY($C$3,3)+126 -> 46454 | AJ4: =$C$3-WEEKDAY($C$3,3)+133 -> 46461 | AK4: =$C$3-WEEKDAY($C$3,3)+140 -> 46468 | AL4: =$C$3-WEEKDAY($C$3,3)+147 -> 46475 | AM4: =$C$3-WEEKDAY($C$3,3)+154 -> 46482 | AN4: =$C$3-WEEKDAY($C$3,3)+161 -> 46489 | AO4: =$C$3-WEEKDAY($C$3,3)+168 -> 46496 | AP4: =$C$3-WEEKDAY($C$3,3)+175 -> 46503 | AQ4: =$C$3-WEEKDAY($C$3,3)+182 -> 46510 | AR4: =$C$3-WEEKDAY($C$3,3)+189 -> 46517 | AS4: =$C$3-WEEKDAY($C$3,3)+196 -> 46524 | AT4: =$C$3-WEEKDAY($C$3,3)+203 -> 46531 | AU4: =$C$3-WEEKDAY($C$3,3)+210 -> 46538 | AV4: =$C$3-WEEKDAY($C$3,3)+217 -> 46545 | AW4: =$C$3-WEEKDAY($C$3,3)+224 -> 46552 | AX4: =$C$3-WEEKDAY($C$3,3)+231 -> 46559 | AY4: =$C$3-WEEKDAY($C$3,3)+238 -> 46566 | AZ4: =$C$3-WEEKDAY($C$3,3)+245 -> 46573 | BA4: =$C$3-WEEKDAY($C$3,3)+252 -> 46580 | BB4: =$C$3-WEEKDAY($C$3,3)+259 -> 46587 | BC4: =$C$3-WEEKDAY($C$3,3)+266 -> 46594 | BD4: =$C$3-WEEKDAY($C$3,3)+273 -> 46601 | BE4: =$C$3-WEEKDAY($C$3,3)+280 -> 46608 | BF4: =$C$3-WEEKDAY($C$3,3)+287 -> 46615 | BG4: =$C$3-WEEKDAY($C$3,3)+294 -> 46622 | BH4: =$C$3-WEEKDAY($C$3,3)+301 -> 46629 | BI4: =$C$3-WEEKDAY($C$3,3)+308 -> 46636 | BJ4: =$C$3-WEEKDAY($C$3,3)+315 -> 46643 | BK4: =$C$3-WEEKDAY($C$3,3)+322 -> 46650 | BL4: =$C$3-WEEKDAY($C$3,3)+329 -> 46657 | BM4: =$C$3-WEEKDAY($C$3,3)+336 -> 46664 | BN4: =$C$3-WEEKDAY($C$3,3)+343 -> 46671 | BO4: =$C$3-WEEKDAY($C$3,3)+350 -> 46678 | BP4: =$C$3-WEEKDAY($C$3,3)+357 -> 46685
A5: 1 | B5: 1 | C5: [Project Name] | D5: Summary | E5: [PM] | H5: 46328 | I5: =MAX(I6:I64) -> 46524 | J5: 46328 | K5: 46524 | L5: =IF(OR(I5="",K5=""),"",IF(I5>=K5,NETWORKDAYS(K5,I5)-1,-(NETWORKDAYS(I5,K5)-1))) -> 0 | M5: 0 | N5: Not started | O5: N
A6: 2 | B6: 1.1 | C6: Project Management | D6: Summary | E6: [PM] | H6: 46328 | I6: =MAX(I7:I9) -> 46357 | J6: 46328 | K6: 46357 | L6: =IF(OR(I6="",K6=""),"",IF(I6>=K6,NETWORKDAYS(K6,I6)-1,-(NETWORKDAYS(I6,K6)-1))) -> 0 | M6: 0 | N6: Not started | O6: N
A7: 3 | B7: 1.1.1 | C7: Charter approved (Gate 1) | D7: Milestone | E7: Sponsor | G7: 0 | H7: 46328 | I7: =IF(H7="","",IF(N(G7)=0,H7,WORKDAY(H7,G7-1))) -> 46328 | J7: 46328 | K7: 46328 | L7: =IF(OR(I7="",K7=""),"",IF(I7>=K7,NETWORKDAYS(K7,I7)-1,-(NETWORKDAYS(I7,K7)-1))) -> 0 | M7: 0 | N7: Not started | O7: N
A8: 4 | B8: 1.1.2 | C8: Develop Integrated PMP & baselines | D8: Task | E8: [PM] | F8: 3 | G8: 20 | H8: 46329 | I8: =IF(H8="","",IF(N(G8)=0,H8,WORKDAY(H8,G8-1))) -> 46356 | J8: 46329 | K8: 46356 | L8: =IF(OR(I8="",K8=""),"",IF(I8>=K8,NETWORKDAYS(K8,I8)-1,-(NETWORKDAYS(I8,K8)-1))) -> 0 | M8: 0 | N8: Not started | O8: N
A9: 5 | B9: 1.1.2 | C9: PMP baselined (Gate 2) | D9: Milestone | E9: Steering Comm. | F9: 4 | G9: 0 | H9: 46357 | I9: =IF(H9="","",IF(N(G9)=0,H9,WORKDAY(H9,G9-1))) -> 46357 | J9: 46357 | K9: 46357 | L9: =IF(OR(I9="",K9=""),"",IF(I9>=K9,NETWORKDAYS(K9,I9)-1,-(NETWORKDAYS(I9,K9)-1))) -> 0 | M9: 0 | N9: Not started | O9: N
A10: 6 | B10: 1.2 | C10: Requirements & Analysis | D10: Summary | E10: [BA] | H10: 46335 | I10: =MAX(I11:I12) -> 46374 | J10: 46335 | K10: 46374 | L10: =IF(OR(I10="",K10=""),"",IF(I10>=K10,NETWORKDAYS(K10,I10)-1,-(NETWORKDAYS(I10,K10)-1))) -> 0 | M10: 0 | N10: Not started | O10: N
A11: 7 | B11: 1.2.1 | C11: Current-state assessment | D11: Task | E11: [BA] | F11: 3 | G11: 15 | H11: 46335 | I11: =IF(H11="","",IF(N(G11)=0,H11,WORKDAY(H11,G11-1))) -> 46353 | J11: 46335 | K11: 46353 | L11: =IF(OR(I11="",K11=""),"",IF(I11>=K11,NETWORKDAYS(K11,I11)-1,-(NETWORKDAYS(I11,K11)-1))) -> 0 | M11: 0 | N11: Not started | O11: N
A12: 8 | B12: 1.2.2 | C12: Requirements specification | D12: Task | E12: [BA] | F12: 7 | G12: 15 | H12: 46356 | I12: =IF(H12="","",IF(N(G12)=0,H12,WORKDAY(H12,G12-1))) -> 46374 | J12: 46356 | K12: 46374 | L12: =IF(OR(I12="",K12=""),"",IF(I12>=K12,NETWORKDAYS(K12,I12)-1,-(NETWORKDAYS(I12,K12)-1))) -> 0 | M12: 0 | N12: Not started | O12: N
A13: 9 | B13: 1.3 | C13: Design | D13: Summary | E13: [Tech Lead] | H13: 46377 | I13: =MAX(I14:I15) -> 46409 | J13: 46377 | K13: 46409 | L13: =IF(OR(I13="",K13=""),"",IF(I13>=K13,NETWORKDAYS(K13,I13)-1,-(NETWORKDAYS(I13,K13)-1))) -> 0 | M13: 0 | N13: Not started | O13: N
A14: 10 | B14: 1.3.1 | C14: High-level design | D14: Task | E14: [Tech Lead] | F14: 8 | G14: 10 | H14: 46377 | I14: =IF(H14="","",IF(N(G14)=0,H14,WORKDAY(H14,G14-1))) -> 46388 | J14: 46377 | K14: 46388 | L14: =IF(OR(I14="",K14=""),"",IF(I14>=K14,NETWORKDAYS(K14,I14)-1,-(NETWORKDAYS(I14,K14)-1))) -> 0 | M14: 0 | N14: Not started | O14: N
A15: 11 | B15: 1.3.2 | C15: Detailed design | D15: Task | E15: [Tech Lead] | F15: 10 | G15: 15 | H15: 46391 | I15: =IF(H15="","",IF(N(G15)=0,H15,WORKDAY(H15,G15-1))) -> 46409 | J15: 46391 | K15: 46409 | L15: =IF(OR(I15="",K15=""),"",IF(I15>=K15,NETWORKDAYS(K15,I15)-1,-(NETWORKDAYS(I15,K15)-1))) -> 0 | M15: 0 | N15: Not started | O15: N
A16: 12 | B16: 1.4 | C16: Build / procure deliverables | D16: Task | E16: [Team] | F16: 11 | G16: 40 | H16: 46412 | I16: =IF(H16="","",IF(N(G16)=0,H16,WORKDAY(H16,G16-1))) -> 46465 | J16: 46412 | K16: 46465 | L16: =IF(OR(I16="",K16=""),"",IF(I16>=K16,NETWORKDAYS(K16,I16)-1,-(NETWORKDAYS(I16,K16)-1))) -> 0 | M16: 0 | N16: Not started | O16: N
A17: 13 | B17: 1.5 | C17: Testing & UAT | D17: Task | E17: [QA Lead] | F17: 12 | G17: 20 | H17: 46468 | I17: =IF(H17="","",IF(N(G17)=0,H17,WORKDAY(H17,G17-1))) -> 46493 | J17: 46468 | K17: 46493 | L17: =IF(OR(I17="",K17=""),"",IF(I17>=K17,NETWORKDAYS(K17,I17)-1,-(NETWORKDAYS(I17,K17)-1))) -> 0 | M17: 0 | N17: Not started | O17: N
A18: 14 | B18: 1.5.2 | C18: Final acceptance (Gate 4) | D18: Milestone | E18: Business Owner | F18: 13 | G18: 0 | H18: 46496 | I18: =IF(H18="","",IF(N(G18)=0,H18,WORKDAY(H18,G18-1))) -> 46496 | J18: 46496 | K18: 46496 | L18: =IF(OR(I18="",K18=""),"",IF(I18>=K18,NETWORKDAYS(K18,I18)-1,-(NETWORKDAYS(I18,K18)-1))) -> 0 | M18: 0 | N18: Not started | O18: N
A19: 15 | B19: 1.6 | C19: Deployment & transition | D19: Task | E19: [PM] | F19: 14 | G19: 15 | H19: 46497 | I19: =IF(H19="","",IF(N(G19)=0,H19,WORKDAY(H19,G19-1))) -> 46517 | J19: 46497 | K19: 46517 | L19: =IF(OR(I19="",K19=""),"",IF(I19>=K19,NETWORKDAYS(K19,I19)-1,-(NETWORKDAYS(I19,K19)-1))) -> 0 | M19: 0 | N19: Not started | O19: N
A20: 16 | B20: 1.1.4 | C20: Project closure (Gate 5) | D20: Milestone | E20: Sponsor | F20: 15 | G20: 0 | H20: 46524 | I20: =IF(H20="","",IF(N(G20)=0,H20,WORKDAY(H20,G20-1))) -> 46524 | J20: 46524 | K20: 46524 | L20: =IF(OR(I20="",K20=""),"",IF(I20>=K20,NETWORKDAYS(K20,I20)-1,-(NETWORKDAYS(I20,K20)-1))) -> 0 | M20: 0 | N20: Not started | O20: N
I21: =IF(H21="","",IF(N(G21)=0,H21,WORKDAY(H21,G21-1))) | L21: =IF(OR(I21="",K21=""),"",IF(I21>=K21,NETWORKDAYS(K21,I21)-1,-(NETWORKDAYS(I21,K21)-1)))
I22: =IF(H22="","",IF(N(G22)=0,H22,WORKDAY(H22,G22-1))) | L22: =IF(OR(I22="",K22=""),"",IF(I22>=K22,NETWORKDAYS(K22,I22)-1,-(NETWORKDAYS(I22,K22)-1)))
I23: =IF(H23="","",IF(N(G23)=0,H23,WORKDAY(H23,G23-1))) | L23: =IF(OR(I23="",K23=""),"",IF(I23>=K23,NETWORKDAYS(K23,I23)-1,-(NETWORKDAYS(I23,K23)-1)))
I24: =IF(H24="","",IF(N(G24)=0,H24,WORKDAY(H24,G24-1))) | L24: =IF(OR(I24="",K24=""),"",IF(I24>=K24,NETWORKDAYS(K24,I24)-1,-(NETWORKDAYS(I24,K24)-1)))
I25: =IF(H25="","",IF(N(G25)=0,H25,WORKDAY(H25,G25-1))) | L25: =IF(OR(I25="",K25=""),"",IF(I25>=K25,NETWORKDAYS(K25,I25)-1,-(NETWORKDAYS(I25,K25)-1)))
I26: =IF(H26="","",IF(N(G26)=0,H26,WORKDAY(H26,G26-1))) | L26: =IF(OR(I26="",K26=""),"",IF(I26>=K26,NETWORKDAYS(K26,I26)-1,-(NETWORKDAYS(I26,K26)-1)))
I27: =IF(H27="","",IF(N(G27)=0,H27,WORKDAY(H27,G27-1))) | L27: =IF(OR(I27="",K27=""),"",IF(I27>=K27,NETWORKDAYS(K27,I27)-1,-(NETWORKDAYS(I27,K27)-1)))
I28: =IF(H28="","",IF(N(G28)=0,H28,WORKDAY(H28,G28-1))) | L28: =IF(OR(I28="",K28=""),"",IF(I28>=K28,NETWORKDAYS(K28,I28)-1,-(NETWORKDAYS(I28,K28)-1)))
I29: =IF(H29="","",IF(N(G29)=0,H29,WORKDAY(H29,G29-1))) | L29: =IF(OR(I29="",K29=""),"",IF(I29>=K29,NETWORKDAYS(K29,I29)-1,-(NETWORKDAYS(I29,K29)-1)))
I30: =IF(H30="","",IF(N(G30)=0,H30,WORKDAY(H30,G30-1))) | L30: =IF(OR(I30="",K30=""),"",IF(I30>=K30,NETWORKDAYS(K30,I30)-1,-(NETWORKDAYS(I30,K30)-1)))
I31: =IF(H31="","",IF(N(G31)=0,H31,WORKDAY(H31,G31-1))) | L31: =IF(OR(I31="",K31=""),"",IF(I31>=K31,NETWORKDAYS(K31,I31)-1,-(NETWORKDAYS(I31,K31)-1)))
I32: =IF(H32="","",IF(N(G32)=0,H32,WORKDAY(H32,G32-1))) | L32: =IF(OR(I32="",K32=""),"",IF(I32>=K32,NETWORKDAYS(K32,I32)-1,-(NETWORKDAYS(I32,K32)-1)))
... I64: =IF(H64="","",IF(N(G64)=0,H64,WORKDAY(H64,G64-1))) | L64: =IF(OR(I64="",K64=""),"",IF(I64>=K64,NETWORKDAYS(K64,I64)-1,-(NETWORKDAYS(I64,K64)-1)))

Sheet Lists
A1: TaskType | B1: TaskStatus | C1: YN
A2: Summary | B2: Not started | C2: Y
A3: Task | B3: In progress | C3: N
A4: Milestone | B4: Complete
B5: On hold
B6: At risk
