Workbook

Sheet Cover
B2: [ORGANIZATION NAME]
B3: 10 — Stakeholder Register
B4: [Project Name]
B6: DOCUMENT CONTROL | E6: PMBOK® 8 ALIGNMENT
B7: Project name | C7: [Project Name] | E7: Performance domain(s) | F7: Stakeholders
B8: Project ID | C8: PRJ-2026-001 | E8: Focus area(s) | F8: Initiating, Planning
B9: Document ID | C9: PRJ-2026-001-SHR | E9: Toolkit | F9: PMI Predictive Project Management Toolkit
B10: Document title | C10: Stakeholder Register | E10: Standard | F10: Aligned to the PMBOK® Guide – Eighth Edition
B11: Version | C11: 0.1
B12: Status | C12: Draft
B13: Date | C13: 2026-10-27
B14: Project Sponsor | C14: [Project Sponsor]
B15: Project Manager / Owner | C15: [Project Manager]
B16: Approver | C16: Project Manager
B17: Classification | C17: Internal
B18: Currency | C18: CAD
B19: File location | C19: [SharePoint / repository path]
B22: REVISION HISTORY
B23: Version | C23: Date | D23: Author | E23: Description of change | F23: CR ref. | G23: Approved by
B24: 0.1 | C24: 2026-10-27 | D24: [Project Manager] | E24: Initial draft created from toolkit template | F24: N/A
B30: VERSIONING SCHEME
B31: 0.1 - 0.9 | C31: Draft | D31: Work in progress. Increment the minor digit for each review cycle (0.1, 0.2 ...).
B32: 1.0 | C32: Approved / Baselined | D32: First version formally approved by the designated approver. Becomes the baseline.
B33: 1.1, 1.2 ... | C33: Minor revision | D33: Editorial or clarifying change with NO impact on scope, schedule or cost baselines. PM approval.
B34: 2.0, 3.0 ... | C34: Major revision | D34: Change that alters a baseline. Requires an approved Change Request (doc 20) logged in the Change Log (doc 21).
B36: HOW TO USE THIS WORKBOOK
B37: 1. Identify every individual or group that can affect or be affected by the project.
B38: 2. Score power/influence and interest from 1 (low) to 5 (high); the quadrant and engagement gap are calculated.
B39: 3. Engagement strategies and actions are detailed in the Stakeholder Engagement Plan (doc 11); communication logistics in doc 12.
B40: 4. Navy column headers = input columns (shaded rows are for data entry). Teal headers marked ƒ = calculated columns — do not overwrite.
B41: 5. Drop-down lists enforce the toolkit's controlled vocabulary. Rows shown in grey italics are examples — overwrite or delete them.
B42: 6. Update the Version/Status/Date above and add a Revision History row each time the workbook is re-issued.

Sheet Power-Interest Grid
A1: 10 — Stakeholder Register | Power / Interest Grid
A2: [Project Name] • PRJ-2026-001-SHR • v0.1 Draft • Internal
B5: HIGH POWER | C5: KEEP SATISFIED | D5: MANAGE CLOSELY
C6: =COUNTIF(Register!$J$5:$J$64,"Keep satisfied")&" stakeholder(s)" -> 0 stakeholder(s) | D6: =COUNTIF(Register!$J$5:$J$64,"Manage closely")&" stakeholder(s)" -> 1 stakeholder(s)
B7: LOW POWER | C7: MONITOR | D7: KEEP INFORMED
C8: =COUNTIF(Register!$J$5:$J$64,"Monitor")&" stakeholder(s)" -> 0 stakeholder(s) | D8: =COUNTIF(Register!$J$5:$J$64,"Keep informed")&" stakeholder(s)" -> 1 stakeholder(s)
C9: LOW INTEREST | D9: HIGH INTEREST
C11: Engagement gaps to close: | D11: =COUNTIF(Register!$N$5:$N$64,"Gap") -> 2

Sheet Register
A1: 10 — Stakeholder Register | Register
A2: [Project Name] • PRJ-2026-001-SHR • v0.1 Draft • Internal
A4: ID | B4: Name | C4: Title / role | D4: Organization / unit | E4: Internal / external | F4: Contact (email / phone) | G4: Key requirements / expectations | H4: Power / influence (1-5) | I4: Interest (1-5) | J4: ƒ Quadrant | K4: Attitude | L4: Current engagement | M4: Desired engagement | N4: ƒ Engagement gap | O4: Engagement strategy / key actions | P4: Relationship owner | Q4: Comms frequency | R4: Last updated
A5: SH-01 | B5: [Project Sponsor] | C5: Project Sponsor | D5: [Executive office] | E5: Internal | G5: ROI realized; delivery on time | H5: 5 | I5: 5 | J5: =IF(OR(H5="",I5=""),"",IF(H5>=3,IF(I5>=3,"Manage closely","Keep satisfied"),IF(I5>=3,"Keep informed","Monitor"))) -> Manage closely | K5: Champion | L5: Supportive | M5: Leading | N5: =IF(OR(L5="",M5=""),"",IF(MATCH(L5,Lists!$A$2:$A$6,0)<MATCH(M5,Lists!$A$2:$A$6,0),"Gap","On target")) -> Gap | O5: Bi-weekly 1:1; chair Steering Committee | P5: [Project Manager] | Q5: Bi-weekly | R5: 46315
A6: SH-02 | B6: [End-user group] | C6: Operational users | D6: [Operations] | E6: Internal | G6: Minimal disruption; usable tool | H6: 2 | I6: 4 | J6: =IF(OR(H6="",I6=""),"",IF(H6>=3,IF(I6>=3,"Manage closely","Keep satisfied"),IF(I6>=3,"Keep informed","Monitor"))) -> Keep informed | K6: Neutral | L6: Unaware | M6: Supportive | N6: =IF(OR(L6="",M6=""),"",IF(MATCH(L6,Lists!$A$2:$A$6,0)<MATCH(M6,Lists!$A$2:$A$6,0),"Gap","On target")) -> Gap | O6: Demos, change champions, training | P6: [Change lead] | Q6: Monthly | R6: 46315
J7: =IF(OR(H7="",I7=""),"",IF(H7>=3,IF(I7>=3,"Manage closely","Keep satisfied"),IF(I7>=3,"Keep informed","Monitor"))) | N7: =IF(OR(L7="",M7=""),"",IF(MATCH(L7,Lists!$A$2:$A$6,0)<MATCH(M7,Lists!$A$2:$A$6,0),"Gap","On target"))
J8: =IF(OR(H8="",I8=""),"",IF(H8>=3,IF(I8>=3,"Manage closely","Keep satisfied"),IF(I8>=3,"Keep informed","Monitor"))) | N8: =IF(OR(L8="",M8=""),"",IF(MATCH(L8,Lists!$A$2:$A$6,0)<MATCH(M8,Lists!$A$2:$A$6,0),"Gap","On target"))
J9: =IF(OR(H9="",I9=""),"",IF(H9>=3,IF(I9>=3,"Manage closely","Keep satisfied"),IF(I9>=3,"Keep informed","Monitor"))) | N9: =IF(OR(L9="",M9=""),"",IF(MATCH(L9,Lists!$A$2:$A$6,0)<MATCH(M9,Lists!$A$2:$A$6,0),"Gap","On target"))
J10: =IF(OR(H10="",I10=""),"",IF(H10>=3,IF(I10>=3,"Manage closely","Keep satisfied"),IF(I10>=3,"Keep informed","Monitor"))) | N10: =IF(OR(L10="",M10=""),"",IF(MATCH(L10,Lists!$A$2:$A$6,0)<MATCH(M10,Lists!$A$2:$A$6,0),"Gap","On target"))
J11: =IF(OR(H11="",I11=""),"",IF(H11>=3,IF(I11>=3,"Manage closely","Keep satisfied"),IF(I11>=3,"Keep informed","Monitor"))) | N11: =IF(OR(L11="",M11=""),"",IF(MATCH(L11,Lists!$A$2:$A$6,0)<MATCH(M11,Lists!$A$2:$A$6,0),"Gap","On target"))
J12: =IF(OR(H12="",I12=""),"",IF(H12>=3,IF(I12>=3,"Manage closely","Keep satisfied"),IF(I12>=3,"Keep informed","Monitor"))) | N12: =IF(OR(L12="",M12=""),"",IF(MATCH(L12,Lists!$A$2:$A$6,0)<MATCH(M12,Lists!$A$2:$A$6,0),"Gap","On target"))
J13: =IF(OR(H13="",I13=""),"",IF(H13>=3,IF(I13>=3,"Manage closely","Keep satisfied"),IF(I13>=3,"Keep informed","Monitor"))) | N13: =IF(OR(L13="",M13=""),"",IF(MATCH(L13,Lists!$A$2:$A$6,0)<MATCH(M13,Lists!$A$2:$A$6,0),"Gap","On target"))
J14: =IF(OR(H14="",I14=""),"",IF(H14>=3,IF(I14>=3,"Manage closely","Keep satisfied"),IF(I14>=3,"Keep informed","Monitor"))) | N14: =IF(OR(L14="",M14=""),"",IF(MATCH(L14,Lists!$A$2:$A$6,0)<MATCH(M14,Lists!$A$2:$A$6,0),"Gap","On target"))
J15: =IF(OR(H15="",I15=""),"",IF(H15>=3,IF(I15>=3,"Manage closely","Keep satisfied"),IF(I15>=3,"Keep informed","Monitor"))) | N15: =IF(OR(L15="",M15=""),"",IF(MATCH(L15,Lists!$A$2:$A$6,0)<MATCH(M15,Lists!$A$2:$A$6,0),"Gap","On target"))
J16: =IF(OR(H16="",I16=""),"",IF(H16>=3,IF(I16>=3,"Manage closely","Keep satisfied"),IF(I16>=3,"Keep informed","Monitor"))) | N16: =IF(OR(L16="",M16=""),"",IF(MATCH(L16,Lists!$A$2:$A$6,0)<MATCH(M16,Lists!$A$2:$A$6,0),"Gap","On target"))
J17: =IF(OR(H17="",I17=""),"",IF(H17>=3,IF(I17>=3,"Manage closely","Keep satisfied"),IF(I17>=3,"Keep informed","Monitor"))) | N17: =IF(OR(L17="",M17=""),"",IF(MATCH(L17,Lists!$A$2:$A$6,0)<MATCH(M17,Lists!$A$2:$A$6,0),"Gap","On target"))
J18: =IF(OR(H18="",I18=""),"",IF(H18>=3,IF(I18>=3,"Manage closely","Keep satisfied"),IF(I18>=3,"Keep informed","Monitor"))) | N18: =IF(OR(L18="",M18=""),"",IF(MATCH(L18,Lists!$A$2:$A$6,0)<MATCH(M18,Lists!$A$2:$A$6,0),"Gap","On target"))
... J64: =IF(OR(H64="",I64=""),"",IF(H64>=3,IF(I64>=3,"Manage closely","Keep satisfied"),IF(I64>=3,"Keep informed","Monitor"))) | N64: =IF(OR(L64="",M64=""),"",IF(MATCH(L64,Lists!$A$2:$A$6,0)<MATCH(M64,Lists!$A$2:$A$6,0),"Gap","On target"))

Sheet Lists
A1: Eng | B1: IntExt | C1: Score5 | D1: Attitude | E1: Freq
A2: Unaware | B2: Internal | C2: 1 | D2: Champion | E2: Daily
A3: Resistant | B3: External | C3: 2 | D3: Supporter | E3: Weekly
A4: Neutral | C4: 3 | D4: Neutral | E4: Bi-weekly
A5: Supportive | C5: 4 | D5: Critic | E5: Monthly
A6: Leading | C6: 5 | D6: Blocker | E6: Quarterly
E7: As needed
