Workbook

Sheet Cover
B2: [ORGANIZATION NAME]
B3: 16 — Risk Register + 5×5 Matrix
B4: [Project Name]
B6: DOCUMENT CONTROL | E6: PMBOK® 8 ALIGNMENT
B7: Project name | C7: [Project Name] | E7: Performance domain(s) | F7: Risk
B8: Project ID | C8: PRJ-2026-001 | E8: Focus area(s) | F8: Planning, Executing, Monitoring & Controlling
B9: Document ID | C9: PRJ-2026-001-RKR | E9: Toolkit | F9: PMI Predictive Project Management Toolkit
B10: Document title | C10: Risk Register + 5×5 Matrix | E10: Standard | F10: Aligned to the PMBOK® Guide – Eighth Edition
B11: Version | C11: 0.1
B12: Status | C12: Draft
B13: Date | C13: 2026-10-27
B14: Project Sponsor | C14: [Project Sponsor]
B15: Project Manager / Owner | C15: [Project Manager]
B16: Approver | C16: Project Manager
B17: Classification | C17: Internal
B18: Currency | C18: CAD
B19: File location | C19: [SharePoint / repository path]
B22: REVISION HISTORY
B23: Version | C23: Date | D23: Author | E23: Description of change | F23: CR ref. | G23: Approved by
B24: 0.1 | C24: 2026-10-27 | D24: [Project Manager] | E24: Initial draft created from toolkit template | F24: N/A
B30: VERSIONING SCHEME
B31: 0.1 - 0.9 | C31: Draft | D31: Work in progress. Increment the minor digit for each review cycle (0.1, 0.2 ...).
B32: 1.0 | C32: Approved / Baselined | D32: First version formally approved by the designated approver. Becomes the baseline.
B33: 1.1, 1.2 ... | C33: Minor revision | D33: Editorial or clarifying change with NO impact on scope, schedule or cost baselines. PM approval.
B34: 2.0, 3.0 ... | C34: Major revision | D34: Change that alters a baseline. Requires an approved Change Request (doc 20) logged in the Change Log (doc 21).
B36: HOW TO USE THIS WORKBOOK
B37: 1. Describe each risk with cause → event → effect ('Because of…, … may occur, resulting in…').
B38: 2. Score probability and impact 1–5 using the scales in the Risk Management Plan (doc 15). Score = P × I; rating bands: 1–4 Low, 5–9 Medium, 10–15 High, 16–25 Critical.
B39: 3. The 5×5 Matrix sheet counts open risks per cell (inherent and residual). Materialized risks move to the Issues log in the RAID Log (doc 19).
B40: 4. Navy column headers = input columns (shaded rows are for data entry). Teal headers marked ƒ = calculated columns — do not overwrite.
B41: 5. Drop-down lists enforce the toolkit's controlled vocabulary. Rows shown in grey italics are examples — overwrite or delete them.
B42: 6. Update the Version/Status/Date above and add a Revision History row each time the workbook is re-issued.

Sheet 5x5 Matrix
A1: 16 — Risk Register + 5×5 Matrix | Probability × Impact Heat Map (open risks)
A2: [Project Name] • PRJ-2026-001-RKR • v0.1 Draft • Internal
B4: INHERENT (before response) | J4: RESIDUAL (after response)
E5: IMPACT → | M5: IMPACT →
B6: PROB. ↓ | C6: 1 | D6: 2 | E6: 3 | F6: 4 | G6: 5 | J6: PROB. ↓ | K6: 1 | L6: 2 | M6: 3 | N6: 4 | O6: 5
B7: 5 | C7: =COUNTIFS('Risk Register'!$I$5:$I$84,5,'Risk Register'!$J$5:$J$84,1,'Risk Register'!$Y$5:$Y$84,"<>Closed") -> 0 | D7: =COUNTIFS('Risk Register'!$I$5:$I$84,5,'Risk Register'!$J$5:$J$84,2,'Risk Register'!$Y$5:$Y$84,"<>Closed") -> 0 | E7: =COUNTIFS('Risk Register'!$I$5:$I$84,5,'Risk Register'!$J$5:$J$84,3,'Risk Register'!$Y$5:$Y$84,"<>Closed") -> 0 | F7: =COUNTIFS('Risk Register'!$I$5:$I$84,5,'Risk Register'!$J$5:$J$84,4,'Risk Register'!$Y$5:$Y$84,"<>Closed") -> 0 | G7: =COUNTIFS('Risk Register'!$I$5:$I$84,5,'Risk Register'!$J$5:$J$84,5,'Risk Register'!$Y$5:$Y$84,"<>Closed") -> 0 | J7: 5 | K7: =COUNTIFS('Risk Register'!$R$5:$R$84,5,'Risk Register'!$S$5:$S$84,1,'Risk Register'!$Y$5:$Y$84,"<>Closed") -> 0 | L7: =COUNTIFS('Risk Register'!$R$5:$R$84,5,'Risk Register'!$S$5:$S$84,2,'Risk Register'!$Y$5:$Y$84,"<>Closed") -> 0 | M7: =COUNTIFS('Risk Register'!$R$5:$R$84,5,'Risk Register'!$S$5:$S$84,3,'Risk Register'!$Y$5:$Y$84,"<>Closed") -> 0 | N7: =COUNTIFS('Risk Register'!$R$5:$R$84,5,'Risk Register'!$S$5:$S$84,4,'Risk Register'!$Y$5:$Y$84,"<>Closed") -> 0 | O7: =COUNTIFS('Risk Register'!$R$5:$R$84,5,'Risk Register'!$S$5:$S$84,5,'Risk Register'!$Y$5:$Y$84,"<>Closed") -> 0
B8: 4 | C8: =COUNTIFS('Risk Register'!$I$5:$I$84,4,'Risk Register'!$J$5:$J$84,1,'Risk Register'!$Y$5:$Y$84,"<>Closed") -> 0 | D8: =COUNTIFS('Risk Register'!$I$5:$I$84,4,'Risk Register'!$J$5:$J$84,2,'Risk Register'!$Y$5:$Y$84,"<>Closed") -> 0 | E8: =COUNTIFS('Risk Register'!$I$5:$I$84,4,'Risk Register'!$J$5:$J$84,3,'Risk Register'!$Y$5:$Y$84,"<>Closed") -> 0 | F8: =COUNTIFS('Risk Register'!$I$5:$I$84,4,'Risk Register'!$J$5:$J$84,4,'Risk Register'!$Y$5:$Y$84,"<>Closed") -> 0 | G8: =COUNTIFS('Risk Register'!$I$5:$I$84,4,'Risk Register'!$J$5:$J$84,5,'Risk Register'!$Y$5:$Y$84,"<>Closed") -> 0 | J8: 4 | K8: =COUNTIFS('Risk Register'!$R$5:$R$84,4,'Risk Register'!$S$5:$S$84,1,'Risk Register'!$Y$5:$Y$84,"<>Closed") -> 0 | L8: =COUNTIFS('Risk Register'!$R$5:$R$84,4,'Risk Register'!$S$5:$S$84,2,'Risk Register'!$Y$5:$Y$84,"<>Closed") -> 0 | M8: =COUNTIFS('Risk Register'!$R$5:$R$84,4,'Risk Register'!$S$5:$S$84,3,'Risk Register'!$Y$5:$Y$84,"<>Closed") -> 0 | N8: =COUNTIFS('Risk Register'!$R$5:$R$84,4,'Risk Register'!$S$5:$S$84,4,'Risk Register'!$Y$5:$Y$84,"<>Closed") -> 0 | O8: =COUNTIFS('Risk Register'!$R$5:$R$84,4,'Risk Register'!$S$5:$S$84,5,'Risk Register'!$Y$5:$Y$84,"<>Closed") -> 0
B9: 3 | C9: =COUNTIFS('Risk Register'!$I$5:$I$84,3,'Risk Register'!$J$5:$J$84,1,'Risk Register'!$Y$5:$Y$84,"<>Closed") -> 0 | D9: =COUNTIFS('Risk Register'!$I$5:$I$84,3,'Risk Register'!$J$5:$J$84,2,'Risk Register'!$Y$5:$Y$84,"<>Closed") -> 0 | E9: =COUNTIFS('Risk Register'!$I$5:$I$84,3,'Risk Register'!$J$5:$J$84,3,'Risk Register'!$Y$5:$Y$84,"<>Closed") -> 0 | F9: =COUNTIFS('Risk Register'!$I$5:$I$84,3,'Risk Register'!$J$5:$J$84,4,'Risk Register'!$Y$5:$Y$84,"<>Closed") -> 1 | G9: =COUNTIFS('Risk Register'!$I$5:$I$84,3,'Risk Register'!$J$5:$J$84,5,'Risk Register'!$Y$5:$Y$84,"<>Closed") -> 0 | J9: 3 | K9: =COUNTIFS('Risk Register'!$R$5:$R$84,3,'Risk Register'!$S$5:$S$84,1,'Risk Register'!$Y$5:$Y$84,"<>Closed") -> 0 | L9: =COUNTIFS('Risk Register'!$R$5:$R$84,3,'Risk Register'!$S$5:$S$84,2,'Risk Register'!$Y$5:$Y$84,"<>Closed") -> 0 | M9: =COUNTIFS('Risk Register'!$R$5:$R$84,3,'Risk Register'!$S$5:$S$84,3,'Risk Register'!$Y$5:$Y$84,"<>Closed") -> 1 | N9: =COUNTIFS('Risk Register'!$R$5:$R$84,3,'Risk Register'!$S$5:$S$84,4,'Risk Register'!$Y$5:$Y$84,"<>Closed") -> 0 | O9: =COUNTIFS('Risk Register'!$R$5:$R$84,3,'Risk Register'!$S$5:$S$84,5,'Risk Register'!$Y$5:$Y$84,"<>Closed") -> 0
B10: 2 | C10: =COUNTIFS('Risk Register'!$I$5:$I$84,2,'Risk Register'!$J$5:$J$84,1,'Risk Register'!$Y$5:$Y$84,"<>Closed") -> 0 | D10: =COUNTIFS('Risk Register'!$I$5:$I$84,2,'Risk Register'!$J$5:$J$84,2,'Risk Register'!$Y$5:$Y$84,"<>Closed") -> 0 | E10: =COUNTIFS('Risk Register'!$I$5:$I$84,2,'Risk Register'!$J$5:$J$84,3,'Risk Register'!$Y$5:$Y$84,"<>Closed") -> 1 | F10: =COUNTIFS('Risk Register'!$I$5:$I$84,2,'Risk Register'!$J$5:$J$84,4,'Risk Register'!$Y$5:$Y$84,"<>Closed") -> 0 | G10: =COUNTIFS('Risk Register'!$I$5:$I$84,2,'Risk Register'!$J$5:$J$84,5,'Risk Register'!$Y$5:$Y$84,"<>Closed") -> 0 | J10: 2 | K10: =COUNTIFS('Risk Register'!$R$5:$R$84,2,'Risk Register'!$S$5:$S$84,1,'Risk Register'!$Y$5:$Y$84,"<>Closed") -> 0 | L10: =COUNTIFS('Risk Register'!$R$5:$R$84,2,'Risk Register'!$S$5:$S$84,2,'Risk Register'!$Y$5:$Y$84,"<>Closed") -> 0 | M10: =COUNTIFS('Risk Register'!$R$5:$R$84,2,'Risk Register'!$S$5:$S$84,3,'Risk Register'!$Y$5:$Y$84,"<>Closed") -> 1 | N10: =COUNTIFS('Risk Register'!$R$5:$R$84,2,'Risk Register'!$S$5:$S$84,4,'Risk Register'!$Y$5:$Y$84,"<>Closed") -> 0 | O10: =COUNTIFS('Risk Register'!$R$5:$R$84,2,'Risk Register'!$S$5:$S$84,5,'Risk Register'!$Y$5:$Y$84,"<>Closed") -> 0
B11: 1 | C11: =COUNTIFS('Risk Register'!$I$5:$I$84,1,'Risk Register'!$J$5:$J$84,1,'Risk Register'!$Y$5:$Y$84,"<>Closed") -> 0 | D11: =COUNTIFS('Risk Register'!$I$5:$I$84,1,'Risk Register'!$J$5:$J$84,2,'Risk Register'!$Y$5:$Y$84,"<>Closed") -> 0 | E11: =COUNTIFS('Risk Register'!$I$5:$I$84,1,'Risk Register'!$J$5:$J$84,3,'Risk Register'!$Y$5:$Y$84,"<>Closed") -> 0 | F11: =COUNTIFS('Risk Register'!$I$5:$I$84,1,'Risk Register'!$J$5:$J$84,4,'Risk Register'!$Y$5:$Y$84,"<>Closed") -> 0 | G11: =COUNTIFS('Risk Register'!$I$5:$I$84,1,'Risk Register'!$J$5:$J$84,5,'Risk Register'!$Y$5:$Y$84,"<>Closed") -> 0 | J11: 1 | K11: =COUNTIFS('Risk Register'!$R$5:$R$84,1,'Risk Register'!$S$5:$S$84,1,'Risk Register'!$Y$5:$Y$84,"<>Closed") -> 0 | L11: =COUNTIFS('Risk Register'!$R$5:$R$84,1,'Risk Register'!$S$5:$S$84,2,'Risk Register'!$Y$5:$Y$84,"<>Closed") -> 0 | M11: =COUNTIFS('Risk Register'!$R$5:$R$84,1,'Risk Register'!$S$5:$S$84,3,'Risk Register'!$Y$5:$Y$84,"<>Closed") -> 0 | N11: =COUNTIFS('Risk Register'!$R$5:$R$84,1,'Risk Register'!$S$5:$S$84,4,'Risk Register'!$Y$5:$Y$84,"<>Closed") -> 0 | O11: =COUNTIFS('Risk Register'!$R$5:$R$84,1,'Risk Register'!$S$5:$S$84,5,'Risk Register'!$Y$5:$Y$84,"<>Closed") -> 0
B14: Open risks by rating
B15: Rating | C15: Inherent | D15: Residual | E15: Action required
B16: Critical | C16: =COUNTIFS('Risk Register'!$L$5:$L$84,"Critical",'Risk Register'!$Y$5:$Y$84,"<>Closed") -> 0 | D16: =COUNTIFS('Risk Register'!$U$5:$U$84,"Critical",'Risk Register'!$Y$5:$Y$84,"<>Closed") -> 0 | E16: Escalate to Sponsor/SC within 24 h; weekly review
B17: High | C17: =COUNTIFS('Risk Register'!$L$5:$L$84,"High",'Risk Register'!$Y$5:$Y$84,"<>Closed") -> 1 | D17: =COUNTIFS('Risk Register'!$U$5:$U$84,"High",'Risk Register'!$Y$5:$Y$84,"<>Closed") -> 0 | E17: Response plan within 5 days; weekly review
B18: Medium | C18: =COUNTIFS('Risk Register'!$L$5:$L$84,"Medium",'Risk Register'!$Y$5:$Y$84,"<>Closed") -> 1 | D18: =COUNTIFS('Risk Register'!$U$5:$U$84,"Medium",'Risk Register'!$Y$5:$Y$84,"<>Closed") -> 2 | E18: Response plan; monthly review
B19: Low | C19: =COUNTIFS('Risk Register'!$L$5:$L$84,"Low",'Risk Register'!$Y$5:$Y$84,"<>Closed") -> 0 | D19: =COUNTIFS('Risk Register'!$U$5:$U$84,"Low",'Risk Register'!$Y$5:$Y$84,"<>Closed") -> 0 | E19: Accept & monitor (watch list)
B21: Total EMV of open risks (contingency basis): | G21: =SUMIFS('Risk Register'!$X$5:$X$84,'Risk Register'!$Y$5:$Y$84,"<>Closed") -> 12500

Sheet Scales
A1: 16 — Risk Register + 5×5 Matrix | Probability & Impact Scales (from doc 15)
A2: [Project Name] • PRJ-2026-001-RKR • v0.1 Draft • Internal
A4: Score | B4: Probability | C4: Cost impact | D4: Schedule impact | E4: Scope / quality | F4: Safety / reputation
A5: 5 | B5: > 80% | C5: > 20% BAC | D5: > 20% / misses gate | E5: Product unusable | F5: Serious injury / national media
A6: 4 | B6: 61–80% | C6: 10–20% | D6: 10–20% | E6: Unacceptable to sponsor | F6: Lost-time injury / regulator
A7: 3 | B7: 41–60% | C7: 5–10% | D7: 5–10% | E7: Major areas affected | F7: Medical aid / local media
A8: 2 | B8: 21–40% | C8: 1–5% | D8: 1–5% | E8: Minor areas affected | F8: First aid / internal complaint
A9: 1 | B9: ≤ 20% | C9: < 1% | D9: < 1% | E9: Barely noticeable | F9: Negligible
A11: EMV uses probability mid-points: 1=10%, 2=30%, 3=50%, 4=70%, 5=90%. Opportunities produce negative EMV (reduce contingency).

Sheet Risk Register
A1: 16 — Risk Register + 5×5 Matrix | Risk Register
A2: [Project Name] • PRJ-2026-001-RKR • v0.1 Draft • Internal
A4: Risk ID | B4: Date raised | C4: Category (RBS) | D4: Threat / opportunity | E4: Cause | F4: Risk event | G4: Effect on objectives | H4: Trigger / early warning | I4: Prob. (1-5) | J4: Impact (1-5) | K4: ƒ Score | L4: ƒ Rating | M4: Proximity | N4: Response strategy | O4: Response actions | P4: Risk owner | Q4: Action due | R4: Residual P | S4: Residual I | T4: ƒ Residual score | U4: ƒ Residual rating | V4: Contingency / fallback plan | W4: Cost impact if occurs (CAD) | X4: ƒ EMV (P% × cost) | Y4: Status | Z4: Last reviewed
A5: R-001 | B5: 46315 | C5: External | D5: Threat | E5: Single supplier for key component | F5: Supplier delivers late | G5: Build phase delayed 3–4 weeks; cost of idle team | H5: Supplier misses interim milestone | I5: 3 | J5: 4 | K5: =IF(OR(I5="",J5=""),"",I5*J5) -> 12 | L5: =IF(K5="","",IF(K5>=16,"Critical",IF(K5>=10,"High",IF(K5>=5,"Medium","Low")))) -> High | M5: 1-3 months | N5: Mitigate | O5: Weekly supplier check-ins; identify alternate supplier; milestone payments | P5: [PM] | Q5: 46357 | R5: 2 | S5: 3 | T5: =IF(OR(R5="",S5=""),"",R5*S5) -> 6 | U5: =IF(T5="","",IF(T5>=16,"Critical",IF(T5>=10,"High",IF(T5>=5,"Medium","Low")))) -> Medium | V5: Engage alternate supplier; re-sequence work | W5: 40000 | X5: =IF(OR(I5="",W5=""),"",CHOOSE(I5,0.1,0.3,0.5,0.7,0.9)*W5*IF(D5="Opportunity",-1,1)) -> 20000 | Y5: Open | Z5: 46315
A6: R-002 | B6: 46315 | C6: Organizational | D6: Opportunity | E6: Shared platform being built by another program | F6: Reuse of platform components | G6: Reduce build effort by ~15% | H6: Platform release confirmed | I6: 2 | J6: 3 | K6: =IF(OR(I6="",J6=""),"",I6*J6) -> 6 | L6: =IF(K6="","",IF(K6>=16,"Critical",IF(K6>=10,"High",IF(K6>=5,"Medium","Low")))) -> Medium | M6: 3-6 months | N6: Enhance | O6: Agree reuse with program lead; align architecture | P6: [Tech Lead] | Q6: 46402 | R6: 3 | S6: 3 | T6: =IF(OR(R6="",S6=""),"",R6*S6) -> 9 | U6: =IF(T6="","",IF(T6>=16,"Critical",IF(T6>=10,"High",IF(T6>=5,"Medium","Low")))) -> Medium | W6: 25000 | X6: =IF(OR(I6="",W6=""),"",CHOOSE(I6,0.1,0.3,0.5,0.7,0.9)*W6*IF(D6="Opportunity",-1,1)) -> -7500 | Y6: Monitoring | Z6: 46315
K7: =IF(OR(I7="",J7=""),"",I7*J7) | L7: =IF(K7="","",IF(K7>=16,"Critical",IF(K7>=10,"High",IF(K7>=5,"Medium","Low")))) | T7: =IF(OR(R7="",S7=""),"",R7*S7) | U7: =IF(T7="","",IF(T7>=16,"Critical",IF(T7>=10,"High",IF(T7>=5,"Medium","Low")))) | X7: =IF(OR(I7="",W7=""),"",CHOOSE(I7,0.1,0.3,0.5,0.7,0.9)*W7*IF(D7="Opportunity",-1,1))
K8: =IF(OR(I8="",J8=""),"",I8*J8) | L8: =IF(K8="","",IF(K8>=16,"Critical",IF(K8>=10,"High",IF(K8>=5,"Medium","Low")))) | T8: =IF(OR(R8="",S8=""),"",R8*S8) | U8: =IF(T8="","",IF(T8>=16,"Critical",IF(T8>=10,"High",IF(T8>=5,"Medium","Low")))) | X8: =IF(OR(I8="",W8=""),"",CHOOSE(I8,0.1,0.3,0.5,0.7,0.9)*W8*IF(D8="Opportunity",-1,1))
K9: =IF(OR(I9="",J9=""),"",I9*J9) | L9: =IF(K9="","",IF(K9>=16,"Critical",IF(K9>=10,"High",IF(K9>=5,"Medium","Low")))) | T9: =IF(OR(R9="",S9=""),"",R9*S9) | U9: =IF(T9="","",IF(T9>=16,"Critical",IF(T9>=10,"High",IF(T9>=5,"Medium","Low")))) | X9: =IF(OR(I9="",W9=""),"",CHOOSE(I9,0.1,0.3,0.5,0.7,0.9)*W9*IF(D9="Opportunity",-1,1))
K10: =IF(OR(I10="",J10=""),"",I10*J10) | L10: =IF(K10="","",IF(K10>=16,"Critical",IF(K10>=10,"High",IF(K10>=5,"Medium","Low")))) | T10: =IF(OR(R10="",S10=""),"",R10*S10) | U10: =IF(T10="","",IF(T10>=16,"Critical",IF(T10>=10,"High",IF(T10>=5,"Medium","Low")))) | X10: =IF(OR(I10="",W10=""),"",CHOOSE(I10,0.1,0.3,0.5,0.7,0.9)*W10*IF(D10="Opportunity",-1,1))
K11: =IF(OR(I11="",J11=""),"",I11*J11) | L11: =IF(K11="","",IF(K11>=16,"Critical",IF(K11>=10,"High",IF(K11>=5,"Medium","Low")))) | T11: =IF(OR(R11="",S11=""),"",R11*S11) | U11: =IF(T11="","",IF(T11>=16,"Critical",IF(T11>=10,"High",IF(T11>=5,"Medium","Low")))) | X11: =IF(OR(I11="",W11=""),"",CHOOSE(I11,0.1,0.3,0.5,0.7,0.9)*W11*IF(D11="Opportunity",-1,1))
K12: =IF(OR(I12="",J12=""),"",I12*J12) | L12: =IF(K12="","",IF(K12>=16,"Critical",IF(K12>=10,"High",IF(K12>=5,"Medium","Low")))) | T12: =IF(OR(R12="",S12=""),"",R12*S12) | U12: =IF(T12="","",IF(T12>=16,"Critical",IF(T12>=10,"High",IF(T12>=5,"Medium","Low")))) | X12: =IF(OR(I12="",W12=""),"",CHOOSE(I12,0.1,0.3,0.5,0.7,0.9)*W12*IF(D12="Opportunity",-1,1))
K13: =IF(OR(I13="",J13=""),"",I13*J13) | L13: =IF(K13="","",IF(K13>=16,"Critical",IF(K13>=10,"High",IF(K13>=5,"Medium","Low")))) | T13: =IF(OR(R13="",S13=""),"",R13*S13) | U13: =IF(T13="","",IF(T13>=16,"Critical",IF(T13>=10,"High",IF(T13>=5,"Medium","Low")))) | X13: =IF(OR(I13="",W13=""),"",CHOOSE(I13,0.1,0.3,0.5,0.7,0.9)*W13*IF(D13="Opportunity",-1,1))
K14: =IF(OR(I14="",J14=""),"",I14*J14) | L14: =IF(K14="","",IF(K14>=16,"Critical",IF(K14>=10,"High",IF(K14>=5,"Medium","Low")))) | T14: =IF(OR(R14="",S14=""),"",R14*S14) | U14: =IF(T14="","",IF(T14>=16,"Critical",IF(T14>=10,"High",IF(T14>=5,"Medium","Low")))) | X14: =IF(OR(I14="",W14=""),"",CHOOSE(I14,0.1,0.3,0.5,0.7,0.9)*W14*IF(D14="Opportunity",-1,1))
K15: =IF(OR(I15="",J15=""),"",I15*J15) | L15: =IF(K15="","",IF(K15>=16,"Critical",IF(K15>=10,"High",IF(K15>=5,"Medium","Low")))) | T15: =IF(OR(R15="",S15=""),"",R15*S15) | U15: =IF(T15="","",IF(T15>=16,"Critical",IF(T15>=10,"High",IF(T15>=5,"Medium","Low")))) | X15: =IF(OR(I15="",W15=""),"",CHOOSE(I15,0.1,0.3,0.5,0.7,0.9)*W15*IF(D15="Opportunity",-1,1))
K16: =IF(OR(I16="",J16=""),"",I16*J16) | L16: =IF(K16="","",IF(K16>=16,"Critical",IF(K16>=10,"High",IF(K16>=5,"Medium","Low")))) | T16: =IF(OR(R16="",S16=""),"",R16*S16) | U16: =IF(T16="","",IF(T16>=16,"Critical",IF(T16>=10,"High",IF(T16>=5,"Medium","Low")))) | X16: =IF(OR(I16="",W16=""),"",CHOOSE(I16,0.1,0.3,0.5,0.7,0.9)*W16*IF(D16="Opportunity",-1,1))
K17: =IF(OR(I17="",J17=""),"",I17*J17) | L17: =IF(K17="","",IF(K17>=16,"Critical",IF(K17>=10,"High",IF(K17>=5,"Medium","Low")))) | T17: =IF(OR(R17="",S17=""),"",R17*S17) | U17: =IF(T17="","",IF(T17>=16,"Critical",IF(T17>=10,"High",IF(T17>=5,"Medium","Low")))) | X17: =IF(OR(I17="",W17=""),"",CHOOSE(I17,0.1,0.3,0.5,0.7,0.9)*W17*IF(D17="Opportunity",-1,1))
K18: =IF(OR(I18="",J18=""),"",I18*J18) | L18: =IF(K18="","",IF(K18>=16,"Critical",IF(K18>=10,"High",IF(K18>=5,"Medium","Low")))) | T18: =IF(OR(R18="",S18=""),"",R18*S18) | U18: =IF(T18="","",IF(T18>=16,"Critical",IF(T18>=10,"High",IF(T18>=5,"Medium","Low")))) | X18: =IF(OR(I18="",W18=""),"",CHOOSE(I18,0.1,0.3,0.5,0.7,0.9)*W18*IF(D18="Opportunity",-1,1))
... K84: =IF(OR(I84="",J84=""),"",I84*J84) | L84: =IF(K84="","",IF(K84>=16,"Critical",IF(K84>=10,"High",IF(K84>=5,"Medium","Low")))) | T84: =IF(OR(R84="",S84=""),"",R84*S84) | U84: =IF(T84="","",IF(T84>=16,"Critical",IF(T84>=10,"High",IF(T84>=5,"Medium","Low")))) | X84: =IF(OR(I84="",W84=""),"",CHOOSE(I84,0.1,0.3,0.5,0.7,0.9)*W84*IF(D84="Opportunity",-1,1))

Sheet Lists
A1: RBS | B1: TO | C1: Score5 | D1: Prox | E1: Strategy | F1: RiskStatus
A2: Technical | B2: Threat | C2: 1 | D2: < 1 month | E2: Avoid | F2: Open
A3: External | B3: Opportunity | C3: 2 | D3: 1-3 months | E3: Transfer | F3: Monitoring
A4: Organizational | C4: 3 | D4: 3-6 months | E4: Mitigate | F4: Occurred (issue)
A5: Project management | C5: 4 | D5: > 6 months | E5: Accept | F5: Closed
A6: Health, safety & environment | C6: 5 | E6: Escalate
A7: Commercial / contractual | E7: Exploit
E8: Share
E9: Enhance
