Workbook

Sheet Cover
B2: [ORGANIZATION NAME]
B3: 19 — RAID Log
B4: [Project Name]
B6: DOCUMENT CONTROL | E6: PMBOK® 8 ALIGNMENT
B7: Project name | C7: [Project Name] | E7: Performance domain(s) | F7: Risk, Governance
B8: Project ID | C8: PRJ-2026-001 | E8: Focus area(s) | F8: Executing, Monitoring & Controlling
B9: Document ID | C9: PRJ-2026-001-RAID | E9: Toolkit | F9: PMI Predictive Project Management Toolkit
B10: Document title | C10: RAID Log | E10: Standard | F10: Aligned to the PMBOK® Guide – Eighth Edition
B11: Version | C11: 0.1
B12: Status | C12: Draft
B13: Date | C13: 2026-10-27
B14: Project Sponsor | C14: [Project Sponsor]
B15: Project Manager / Owner | C15: [Project Manager]
B16: Approver | C16: Project Manager
B17: Classification | C17: Internal
B18: Currency | C18: CAD
B19: File location | C19: [SharePoint / repository path]
B22: REVISION HISTORY
B23: Version | C23: Date | D23: Author | E23: Description of change | F23: CR ref. | G23: Approved by
B24: 0.1 | C24: 2026-10-27 | D24: [Project Manager] | E24: Initial draft created from toolkit template | F24: N/A
B30: VERSIONING SCHEME
B31: 0.1 - 0.9 | C31: Draft | D31: Work in progress. Increment the minor digit for each review cycle (0.1, 0.2 ...).
B32: 1.0 | C32: Approved / Baselined | D32: First version formally approved by the designated approver. Becomes the baseline.
B33: 1.1, 1.2 ... | C33: Minor revision | D33: Editorial or clarifying change with NO impact on scope, schedule or cost baselines. PM approval.
B34: 2.0, 3.0 ... | C34: Major revision | D34: Change that alters a baseline. Requires an approved Change Request (doc 20) logged in the Change Log (doc 21).
B36: HOW TO USE THIS WORKBOOK
B37: 1. Four logs in one workbook: Risks (summary view — the full register is doc 16), Assumptions, Issues and Dependencies.
B38: 2. Review the RAID Log in the weekly team meeting; the Dashboard counts open items by priority and age.
B39: 3. Escalate issues per the escalation path in the Integrated PMP (doc 02) and Communication Plan (doc 12).
B40: 4. Navy column headers = input columns (shaded rows are for data entry). Teal headers marked ƒ = calculated columns — do not overwrite.
B41: 5. Drop-down lists enforce the toolkit's controlled vocabulary. Rows shown in grey italics are examples — overwrite or delete them.
B42: 6. Update the Version/Status/Date above and add a Revision History row each time the workbook is re-issued.

Sheet Dashboard
A1: 19 — RAID Log | RAID Dashboard
A2: [Project Name] • PRJ-2026-001-RAID • v0.1 Draft • Internal
B4: Log | C4: Open | D4: In progress | E4: On hold | F4: Closed | G4: Total
B5: Risks | C5: =COUNTIF(Risks!$G$5:$G$200,"Open") -> 1 | D5: =COUNTIF(Risks!$G$5:$G$200,"In progress") -> 0 | E5: =COUNTIF(Risks!$G$5:$G$200,"On hold") -> 0 | F5: =COUNTIF(Risks!$G$5:$G$200,"Closed") -> 0 | G5: =COUNTA(Risks!$A$5:$A$200) -> 1
B6: Assumptions | C6: =COUNTIF(Assumptions!$I$5:$I$200,"Open") -> 1 | D6: =COUNTIF(Assumptions!$I$5:$I$200,"In progress") -> 0 | E6: =COUNTIF(Assumptions!$I$5:$I$200,"On hold") -> 0 | F6: =COUNTIF(Assumptions!$I$5:$I$200,"Closed") -> 0 | G6: =COUNTA(Assumptions!$A$5:$A$200) -> 1
B7: Issues | C7: =COUNTIF(Issues!$L$5:$L$200,"Open") -> 1 | D7: =COUNTIF(Issues!$L$5:$L$200,"In progress") -> 0 | E7: =COUNTIF(Issues!$L$5:$L$200,"On hold") -> 0 | F7: =COUNTIF(Issues!$L$5:$L$200,"Closed") -> 0 | G7: =COUNTA(Issues!$A$5:$A$200) -> 1
B8: Dependencies | C8: =COUNTIF(Dependencies!$J$5:$J$200,"Open") -> 1 | D8: =COUNTIF(Dependencies!$J$5:$J$200,"In progress") -> 0 | E8: =COUNTIF(Dependencies!$J$5:$J$200,"On hold") -> 0 | F8: =COUNTIF(Dependencies!$J$5:$J$200,"Closed") -> 0 | G8: =COUNTA(Dependencies!$A$5:$A$200) -> 1
B11: Open issues by priority
B12: Critical | C12: =COUNTIFS(Issues!$E$5:$E$200,"Critical",Issues!$L$5:$L$200,"<>Closed") -> 0
B13: High | C13: =COUNTIFS(Issues!$E$5:$E$200,"High",Issues!$L$5:$L$200,"<>Closed") -> 1
B14: Medium | C14: =COUNTIFS(Issues!$E$5:$E$200,"Medium",Issues!$L$5:$L$200,"<>Closed") -> 0
B15: Low | C15: =COUNTIFS(Issues!$E$5:$E$200,"Low",Issues!$L$5:$L$200,"<>Closed") -> 0
B17: Overdue issues | C17: =COUNTIF(Issues!$O$5:$O$200,"Yes") -> 0
B18: Average age of open issues (d) | C18: =IFERROR(AVERAGEIFS(Issues!$N$5:$N$200,Issues!$L$5:$L$200,"<>Closed",Issues!$A$5:$A$200,"<>"),0) -> 7
B19: Red dependencies | C19: =COUNTIF(Dependencies!$I$5:$I$200,"Red") -> 0

Sheet Risks
A1: 19 — RAID Log | Risks
A2: [Project Name] • PRJ-2026-001-RAID • v0.1 Draft • Internal
A4: Risk ID (doc 16) | B4: Risk description | C4: Score | D4: ƒ Rating | E4: Owner | F4: Response summary | G4: Status | H4: Last updated
A5: R-001 | B5: Supplier delivers key component late | C5: 12 | D5: =IF(C5="","",IF(C5>=16,"Critical",IF(C5>=10,"High",IF(C5>=5,"Medium","Low")))) -> High | E5: [PM] | F5: Weekly check-ins; alternate supplier | G5: Open | H5: 46315
D6: =IF(C6="","",IF(C6>=16,"Critical",IF(C6>=10,"High",IF(C6>=5,"Medium","Low"))))
D7: =IF(C7="","",IF(C7>=16,"Critical",IF(C7>=10,"High",IF(C7>=5,"Medium","Low"))))
D8: =IF(C8="","",IF(C8>=16,"Critical",IF(C8>=10,"High",IF(C8>=5,"Medium","Low"))))
D9: =IF(C9="","",IF(C9>=16,"Critical",IF(C9>=10,"High",IF(C9>=5,"Medium","Low"))))
D10: =IF(C10="","",IF(C10>=16,"Critical",IF(C10>=10,"High",IF(C10>=5,"Medium","Low"))))
D11: =IF(C11="","",IF(C11>=16,"Critical",IF(C11>=10,"High",IF(C11>=5,"Medium","Low"))))
D12: =IF(C12="","",IF(C12>=16,"Critical",IF(C12>=10,"High",IF(C12>=5,"Medium","Low"))))
D13: =IF(C13="","",IF(C13>=16,"Critical",IF(C13>=10,"High",IF(C13>=5,"Medium","Low"))))
D14: =IF(C14="","",IF(C14>=16,"Critical",IF(C14>=10,"High",IF(C14>=5,"Medium","Low"))))
D15: =IF(C15="","",IF(C15>=16,"Critical",IF(C15>=10,"High",IF(C15>=5,"Medium","Low"))))
D16: =IF(C16="","",IF(C16>=16,"Critical",IF(C16>=10,"High",IF(C16>=5,"Medium","Low"))))
D17: =IF(C17="","",IF(C17>=16,"Critical",IF(C17>=10,"High",IF(C17>=5,"Medium","Low"))))
... D54: =IF(C54="","",IF(C54>=16,"Critical",IF(C54>=10,"High",IF(C54>=5,"Medium","Low"))))

Sheet Assumptions
A1: 19 — RAID Log | Assumptions
A2: [Project Name] • PRJ-2026-001-RAID • v0.1 Draft • Internal
A4: Assumption ID | B4: Assumption | C4: Category | D4: Source | E4: Impact if false | F4: Owner | G4: Validate by | H4: Validation status | I4: Status
A5: A-001 | B5: Business SMEs available 4 h/week during requirements phase | C5: Resource | D5: Charter | E5: Requirements delayed; schedule slip | F5: [Business Owner] | G5: 46346 | H5: Not validated | I5: Open

Sheet Issues
A1: 19 — RAID Log | Issues
A2: [Project Name] • PRJ-2026-001-RAID • v0.1 Draft • Internal
A4: Issue ID | B4: Date raised | C4: Issue description | D4: Category | E4: Priority | F4: Impact | G4: Raised by | H4: Owner | I4: Action / resolution | J4: Target date | K4: Escalation level | L4: Status | M4: Date closed | N4: ƒ Age (days) | O4: ƒ Overdue | P4: Related risk / CR
A5: I-001 | B5: 46315 | C5: Test environment not available as planned | D5: Technical | E5: High | F5: Testing start at risk (5 days) | G5: [QA Lead] | H5: [Tech Lead] | I5: Escalate to IT ops; use temporary environment | J5: 46343 | K5: 1 - PM | L5: Open | N5: =IF(B5="","",IF(M5<>"",M5-B5,TODAY()-B5)) -> 7 | O5: =IF(OR(J5="",L5="Closed"),"",IF(TODAY()>J5,"Yes","")) | P5: R-003
N6: =IF(B6="","",IF(M6<>"",M6-B6,TODAY()-B6)) | O6: =IF(OR(J6="",L6="Closed"),"",IF(TODAY()>J6,"Yes",""))
N7: =IF(B7="","",IF(M7<>"",M7-B7,TODAY()-B7)) | O7: =IF(OR(J7="",L7="Closed"),"",IF(TODAY()>J7,"Yes",""))
N8: =IF(B8="","",IF(M8<>"",M8-B8,TODAY()-B8)) | O8: =IF(OR(J8="",L8="Closed"),"",IF(TODAY()>J8,"Yes",""))
N9: =IF(B9="","",IF(M9<>"",M9-B9,TODAY()-B9)) | O9: =IF(OR(J9="",L9="Closed"),"",IF(TODAY()>J9,"Yes",""))
N10: =IF(B10="","",IF(M10<>"",M10-B10,TODAY()-B10)) | O10: =IF(OR(J10="",L10="Closed"),"",IF(TODAY()>J10,"Yes",""))
N11: =IF(B11="","",IF(M11<>"",M11-B11,TODAY()-B11)) | O11: =IF(OR(J11="",L11="Closed"),"",IF(TODAY()>J11,"Yes",""))
N12: =IF(B12="","",IF(M12<>"",M12-B12,TODAY()-B12)) | O12: =IF(OR(J12="",L12="Closed"),"",IF(TODAY()>J12,"Yes",""))
N13: =IF(B13="","",IF(M13<>"",M13-B13,TODAY()-B13)) | O13: =IF(OR(J13="",L13="Closed"),"",IF(TODAY()>J13,"Yes",""))
N14: =IF(B14="","",IF(M14<>"",M14-B14,TODAY()-B14)) | O14: =IF(OR(J14="",L14="Closed"),"",IF(TODAY()>J14,"Yes",""))
N15: =IF(B15="","",IF(M15<>"",M15-B15,TODAY()-B15)) | O15: =IF(OR(J15="",L15="Closed"),"",IF(TODAY()>J15,"Yes",""))
N16: =IF(B16="","",IF(M16<>"",M16-B16,TODAY()-B16)) | O16: =IF(OR(J16="",L16="Closed"),"",IF(TODAY()>J16,"Yes",""))
N17: =IF(B17="","",IF(M17<>"",M17-B17,TODAY()-B17)) | O17: =IF(OR(J17="",L17="Closed"),"",IF(TODAY()>J17,"Yes",""))
... N64: =IF(B64="","",IF(M64<>"",M64-B64,TODAY()-B64)) | O64: =IF(OR(J64="",L64="Closed"),"",IF(TODAY()>J64,"Yes",""))

Sheet Dependencies
A1: 19 — RAID Log | Dependencies
A2: [Project Name] • PRJ-2026-001-RAID • v0.1 Draft • Internal
A4: Dependency ID | B4: Dependency description | C4: Type | D4: Direction | E4: Other party / project | F4: Deliverable / WBS affected | G4: Needed by | H4: Owner | I4: Health (RAG) | J4: Status | K4: Comments
A5: D-001 | B5: Network upgrade by IT Infrastructure project | C5: External | D5: Inbound (we need) | E5: [Infra project] | F5: 1.6.2 | G5: 46478 | H5: [PM] | I5: Green | J5: Open

Sheet Lists
A1: Score25 | B1: ItemStatus | C1: ACat | D1: AVal | E1: ICat | F1: Priority | G1: Esc | H1: DType | I1: Dir | J1: RAG
A2: 1 | B2: Open | C2: Resource | D2: Not validated | E2: Scope | F2: Critical | G2: 1 - PM | H2: Internal | I2: Inbound (we need) | J2: Green
A3: 2 | B3: In progress | C3: Technical | D3: Validated | E3: Schedule | F3: High | G3: 2 - Sponsor | H3: External | I3: Outbound (others need) | J3: Amber
A4: 3 | B4: On hold | C4: Financial | D4: Invalid – raise risk/issue | E4: Cost | F4: Medium | G4: 3 - Steering Committee | H4: Mandatory | J4: Red
A5: 4 | B5: Closed | C5: Schedule | E5: Quality | F5: Low | H5: Discretionary
A6: 5 | C6: External | E6: Resource
A7: 6 | C7: Business | E7: Stakeholder
A8: 8 | E8: Technical
A9: 9 | E9: Vendor
A10: 10
A11: 12
A12: 15
A13: 16
A14: 20
A15: 25
