Workbook

Sheet Cover
B2: [ORGANIZATION NAME]
B3: 21 — Change Log
B4: [Project Name]
B6: DOCUMENT CONTROL | E6: PMBOK® 8 ALIGNMENT
B7: Project name | C7: [Project Name] | E7: Performance domain(s) | F7: Governance
B8: Project ID | C8: PRJ-2026-001 | E8: Focus area(s) | F8: Monitoring & Controlling
B9: Document ID | C9: PRJ-2026-001-CHL | E9: Toolkit | F9: PMI Predictive Project Management Toolkit
B10: Document title | C10: Change Log | E10: Standard | F10: Aligned to the PMBOK® Guide – Eighth Edition
B11: Version | C11: 0.1
B12: Status | C12: Draft
B13: Date | C13: 2026-10-27
B14: Project Sponsor | C14: [Project Sponsor]
B15: Project Manager / Owner | C15: [Project Manager]
B16: Approver | C16: Project Manager
B17: Classification | C17: Internal
B18: Currency | C18: CAD
B19: File location | C19: [SharePoint / repository path]
B22: REVISION HISTORY
B23: Version | C23: Date | D23: Author | E23: Description of change | F23: CR ref. | G23: Approved by
B24: 0.1 | C24: 2026-10-27 | D24: [Project Manager] | E24: Initial draft created from toolkit template | F24: N/A
B30: VERSIONING SCHEME
B31: 0.1 - 0.9 | C31: Draft | D31: Work in progress. Increment the minor digit for each review cycle (0.1, 0.2 ...).
B32: 1.0 | C32: Approved / Baselined | D32: First version formally approved by the designated approver. Becomes the baseline.
B33: 1.1, 1.2 ... | C33: Minor revision | D33: Editorial or clarifying change with NO impact on scope, schedule or cost baselines. PM approval.
B34: 2.0, 3.0 ... | C34: Major revision | D34: Change that alters a baseline. Requires an approved Change Request (doc 20) logged in the Change Log (doc 21).
B36: HOW TO USE THIS WORKBOOK
B37: 1. Log every change request (doc 20) on submission and assign the next CR ID.
B38: 2. Record quantified impacts; approved changes update baselines and trigger a major version of affected documents.
B39: 3. The Summary sheet totals approved schedule and cost impacts against the original baselines.
B40: 4. Navy column headers = input columns (shaded rows are for data entry). Teal headers marked ƒ = calculated columns — do not overwrite.
B41: 5. Drop-down lists enforce the toolkit's controlled vocabulary. Rows shown in grey italics are examples — overwrite or delete them.
B42: 6. Update the Version/Status/Date above and add a Revision History row each time the workbook is re-issued.

Sheet Summary
A1: 21 — Change Log | Change Summary
A2: [Project Name] • PRJ-2026-001-CHL • v0.1 Draft • Internal
B4: Change requests by status | E4: Approved impact on baselines
B5: Item | C5: Count | E5: Metric | F5: Value
B6: Submitted | C6: =COUNTIF('Change Log'!$L$5:$L$64,"Submitted") -> 0 | E6: Approved schedule impact (wd) | F6: =SUMIFS('Change Log'!$H$5:$H$64,'Change Log'!$L$5:$L$64,"Approved*")+SUMIFS('Change Log'!$H$5:$H$64,'Change Log'!$L$5:$L$64,"Implemented")+SUMIFS('Change Log'!$H$5:$H$64,'Change Log'!$L$5:$L$64,"Closed") -> 0
B7: Under analysis | C7: =COUNTIF('Change Log'!$L$5:$L$64,"Under analysis") -> 0 | E7: Approved cost impact (CAD) | F7: =SUMIFS('Change Log'!$I$5:$I$64,'Change Log'!$L$5:$L$64,"Approved*")+SUMIFS('Change Log'!$I$5:$I$64,'Change Log'!$L$5:$L$64,"Implemented")+SUMIFS('Change Log'!$I$5:$I$64,'Change Log'!$L$5:$L$64,"Closed") -> 0
B8: Pending decision | C8: =COUNTIF('Change Log'!$L$5:$L$64,"Pending decision") -> 1 | E8: Pending cost exposure (CAD) | F8: =SUMIFS('Change Log'!$I$5:$I$64,'Change Log'!$L$5:$L$64,"Pending decision")+SUMIFS('Change Log'!$I$5:$I$64,'Change Log'!$L$5:$L$64,"Under analysis") -> 18000
B9: Approved | C9: =COUNTIF('Change Log'!$L$5:$L$64,"Approved") -> 0 | E9: Average days to decision | F9: =IFERROR(AVERAGE('Change Log'!$Q$5:$Q$64),0) -> 0
B10: Approved with conditions | C10: =COUNTIF('Change Log'!$L$5:$L$64,"Approved with conditions") -> 0
B11: Rejected | C11: =COUNTIF('Change Log'!$L$5:$L$64,"Rejected") -> 0
B12: Deferred | C12: =COUNTIF('Change Log'!$L$5:$L$64,"Deferred") -> 0
B13: Implemented | C13: =COUNTIF('Change Log'!$L$5:$L$64,"Implemented") -> 0
B14: Closed | C14: =COUNTIF('Change Log'!$L$5:$L$64,"Closed") -> 0
B15: Total | C15: =COUNTA('Change Log'!$A$5:$A$64) -> 1

Sheet Change Log
A1: 21 — Change Log | Change Log
A2: [Project Name] • PRJ-2026-001-CHL • v0.1 Draft • Internal
A4: CR ID | B4: Title | C4: Requested by | D4: Date submitted | E4: Category | F4: Description / reason | G4: Priority | H4: Schedule impact (wd) | I4: Cost impact (CAD) | J4: Baselines affected | K4: Decision authority | L4: Status | M4: Decision date | N4: Decision ref. (doc 23) | O4: Implemented date | P4: Documents re-versioned | Q4: ƒ Days to decision
A5: CR-001 | B5: Add mobile access to reporting module | C5: [Business Owner] | D5: 46315 | E5: Scope | F5: Users require field access | G5: Medium | H5: 8 | I5: 18000 | J5: Scope+Schedule+Cost | K5: CCB | L5: Pending decision | Q5: =IF(OR(D5="",M5=""),"",M5-D5)
Q6: =IF(OR(D6="",M6=""),"",M6-D6)
Q7: =IF(OR(D7="",M7=""),"",M7-D7)
Q8: =IF(OR(D8="",M8=""),"",M8-D8)
Q9: =IF(OR(D9="",M9=""),"",M9-D9)
Q10: =IF(OR(D10="",M10=""),"",M10-D10)
Q11: =IF(OR(D11="",M11=""),"",M11-D11)
Q12: =IF(OR(D12="",M12=""),"",M12-D12)
Q13: =IF(OR(D13="",M13=""),"",M13-D13)
Q14: =IF(OR(D14="",M14=""),"",M14-D14)
Q15: =IF(OR(D15="",M15=""),"",M15-D15)
Q16: =IF(OR(D16="",M16=""),"",M16-D16)
Q17: =IF(OR(D17="",M17=""),"",M17-D17)
... Q64: =IF(OR(D64="",M64=""),"",M64-D64)

Sheet Lists
A1: CRCat | B1: Priority | C1: Base | D1: Auth | E1: CRStatus
A2: Scope | B2: Critical | C2: None | D2: Project Manager | E2: Submitted
A3: Schedule | B3: High | C3: Scope | D3: CCB | E3: Under analysis
A4: Cost | B4: Medium | C4: Schedule | D4: Steering Committee | E4: Pending decision
A5: Quality | B5: Low | C5: Cost | E5: Approved
A6: Resource | C6: Scope+Schedule | E6: Approved with conditions
A7: Contract | C7: Schedule+Cost | E7: Rejected
A8: Document | C8: Scope+Schedule+Cost | E8: Deferred
E9: Implemented
E10: Closed
